essay_id,prompt,prob_dist,raw_response,entropy,kl_divergence
3736,"How much hurt can someone take from a book, popular music, a movie, or even a magazine, etc.? Well, as shown by studies, @CAPS1 ctizens @MONTH1 take what these items say more offensivley than what it @MONTH1 seem.  They @MONTH1 seem to go overboard or exaggerate what these updated articles are spreading across @LOCATION1, but is it really true?          Due to all the diffrent races @LOCATION1 sees every single day, sometimes we @MONTH1 @CAPS2 be doing our best to accept their diffrent cultural backrounds in our modern day society.  I have noticed just by going to a pretty much all white school how most people judge other races other than their own, wheather it be making fun of what they wear or how they talk, etc.  Sometimes I wish they could just consider that we are all human beings and no one deserves to be treated that way.  Taking this all into consideration, I think that wheather or @CAPS2 they are racial books, magazines, or movies they should @CAPS2 be removed from there distribution around the world.       I know that wheather or @CAPS2 that these books, movies, magazines, or music are racial they should still be able to be heard by those who want to hear it.  I think that there are some people out there, for example myself, who like to watch movies and read books about slavery, the holocaust, etc.  It's a part of @CAPS1 @CAPS4 and I enjoy learning about it very much.  It @MONTH1 seem racial though to those who went through these hard times and these items which try to explain the pain these people went through @MONTH1 just seem like a joke towards them to make fun of all they went through, eventhough it is @CAPS2 meant that way at all.  I also understand that there are people who write books about mexican jokes, black jokes, etc. or even make comedy movies joking over diffent races.  These types of things I think should be taken OFF the shelves everywhere!  These are the types of things that I feel are what bother many different races and make fun of their cultural backround.       When it comes to music these days, it seems they always sing about love, being hurt physically and mentally, and so on.  I feel like music shouldn't really have an affect on diffrent races, unless it is purposley made for the reason of making fun of people.  I don't see where magazines can be harmful to a certain cultural backround.  The magazines I read about aka seventeen magazine seem to comment about how beautiful these people.     Overall, I think that making fun of diffrent races around the world is never going to get better if we never do anything to help it get better.  Eventhough all these diffrent items such as: movies, magazines, books and music @MONTH1 seem racial I think they should be left on the shelf of every library to let people watch and understand more about the @CAPS4 of our world, but if it is a truly written book, song, movie, or magazine article that is aimed to hurt someone of a diffent race, that should definatley be removed from every shelf around the world","[{'A': 5.0, 'B': 15.0, 'C': 40.0, 'D': 30.0, 'F': 10.0}, {'A': 0.0, 'B': 5.0, 'C': 45.0, 'D': 45.0, 'F': 5.0}, {'A': 0.0, 'B': 5.0, 'C': 35.0, 'D': 50.0, 'F': 10.0}]","['A: 5\nB: 15\nC: 40\nD: 30\nF: 10', 'A: 0\nB: 5\nC: 45\nD: 45\nF: 5', 'A: 0\nB: 5\nC: 35\nD: 50\nF: 10']","[np.float64(-463.51612202118827), np.float64(nan), np.float64(nan)]","[np.float64(0.0), np.float64(nan), np.float64(nan)]"
1704,"Dear local newspaper, I support the advances in technology, and believe that computers have a positive effect on people. I think this for @NUM1 simple reasons, @CAPS1, you gain computer skills, which can help in other situations. Second: Computers give people the chance to learn about faraway people and places.Lastly when you have a computer you can chat and talk to other people. When I think of a computer, I think of typing or a keyboard. After a few times of using a computer you get @CAPS2 and better it. You gain, typing skills, hand eye coordination and mouse skills. After jusst a few uses, your computer skills build up and you soon get good at it. When you do get @CAPS2 though, you get better quicker and more so it all works out very well. When you are on the computer, the internet allows you to search anything and everything. Weather it be a different culture or even schoolwork, a computer is helpful. When I am doing my homework, and I don't know how to another a question, I go on the internet. The computer allows me to get help with any homework I need help in, its great.I can even look up something on a different culture and compare it to ours. The computer allows me to do everything I need. Have you ever felt alone, but theres no one to talk to? Well that problem can be solved very simply, get on a computer. You can chat with people even if there is no one around. You can chat with someone half way around the world. Its amazing you can be anywhere, talking to anyone you want. A computers chat you to reconnect with old friends, and make new ones. Computers are great. When your on a computer, there is so much to do, so much you can get out of it. They are helpful and fun you never run out of options with a computer at your side. In my opinion, there is so much to gain and learn from a computer.","[{'A': 10.0, 'B': 60.0, 'C': 25.0, 'D': 5.0, 'F': 0.0}, {'A': 10.0, 'B': 60.0, 'C': 25.0, 'D': 5.0, 'F': 0.0}, {'A': 10.0, 'B': 60.0, 'C': 25.0, 'D': 5.0, 'F': 0.0}]","['A: 10\nB: 60\nC: 25\nD: 5\nF: 0', 'A: 10\nB: 60\nC: 25\nD: 5\nF: 0', 'A: 10\nB: 60\nC: 25\nD: 5\nF: 0']","[np.float64(nan), np.float64(nan), np.float64(nan)]","[np.float64(nan), np.float64(nan), np.float64(nan)]"
21071," One day, a day before the party for my brother's @DATE1 to be exact. We were setting up party stuff and cleaning the house and the apartment because that's were the boy's will be hanging out and sleeping. My cousin @PERSON4 and I were helping mom and the boy's that were already here and their names would be @PERSON5 , @CAPS1 and @CAPS2. @PERSON6 was already here of course because he's the @DATE1 boy. The boy's were suppose to be cleaning the apartment but their boy's and the only things on theirs minds are girls and video games. They played video games instead of cleaning and mom got mad. Lucky for them mom was in a very good mood or they would have got @CAPS7. The last to boy's showed up now.   The last two boy's showed up and their names are @PERSON2 and @PERSON3 and @PERSON1 is showing up tomorrow after noon. @PERSON6 was so exited that he was turning @NUM1 years old , he said "" I'm @NUM1 years old now no one can tell me what to do"" and I laughed and said ""@PERSON6 go make me a sandwich"" and he said ""@CAPS3"" and I said ""so much for no one can tell me what to do"" and everyone laughed at him. He gave me my sandwich and all the boy's went to the apartment to clean @CAPS7 but when I got in there they set up @PERSON5's x-box @NUM3 and was playing @CAPS7. I told them to get cleaning but they decided not to listen so I got mom and they sure listened to her. She took @CAPS7 and put @CAPS7 on the kitchen table. They were not happy. They finally cleaned the apartment and got the x-bow back. @TIME1 all of us were watching movies and playing broad games then mom told @PERSON4 and I to clean my room , maybe a hour after that she walked by and said "" bed time"" and boy's go to the apartment. The next mourning.  The next mourning @PERSON4 and I woke up to the sun hitting us in the eyes and I said ""what a great way to start off the day"" and @PERSON4 said ""I know"". The best part of today is that we get to hang out with the boy's. When @PERSON4 and I got into the living room everybody was in the kitchen and partly in the living room. @TIME1 that @TIME1 the boy's thought @CAPS7 would be fun if they played cops and rubbers. The apartment was the jail. @PERSON2 , @CAPS2 , @PERSON6 were the cops and @PERSON5 and @CAPS1 were the rubbers. @PERSON4 and I wanted to play so we went outside and ran into @PERSON5 on the otter side of the apartment , he was the only one who knew we were outside. When I was running to hide behind the trees I felling in the hole that turns off the water for the apartment and my leg looked like cottage cheese and @CAPS7 was gushing blood and you could see my bone. I had to stop playing for the @TIME1. Mom told @PERSON4 and I to go to bed.  The next mourning mom woke us up and asked if we want eggs and bacon and we said ""yes"". I crawled out of bed because I needed to go to the bathroom so @PERSON4 helped me up the stairs and when we were coming down the stairs @PERSON5 saw me hurting and being the amazing boyfriend he is he picked me up and carried me to the couch in the living room and sat me down on the couch and kissed the top of my head and said ""good mourning beautiful"" and I said ""good mourning to you to baby"". Now everybody is standing around for their food to be done. The boy's are making pizza if you wanted to know. Then my little sister @CAPS6 walked in to the kitchen and said ""ma'am I want a cookie"" and mom said "" okay , here you go baby"". @CAPS6 ran off with a very big smile on her face. The boy's got their pizza now and they just went back to the apartment. @PERSON4 and I looked at mom and said ""wow"" mom's like i know. We all laughed and started talking about boy's and friends , family , animals. @CAPS7 was a very fun weekend and even though I got hurt we still made the best of @CAPS7. Even though I got hurt and cant do anything for the next two months or so , we still had a blast with each other and @PERSON6 said "" @CAPS7 was his most favorite @DATE1 he's ever had so far . @CAPS6 wanted her friend to come over but she had fun with mom and @PERSON4 , the boy's when they came in the house and I. Sometimes you got to work with what you got and @CAPS7 might turn out more fun than your normal plan you made. Just make sure your happy with the people around you. ","[{'A': 0.0, 'B': 0.0, 'C': 0.0, 'D': 10.0, 'F': 90.0}, {'A': 0.0, 'B': 0.0, 'C': 0.0, 'D': 10.0, 'F': 90.0}, {'A': 0.0, 'B': 0.0, 'C': 5.0, 'D': 45.0, 'F': 50.0}]","['A: 0\nB: 0\nC: 0\nD: 10\nF: 90', 'A: 0\nB: 0\nC: 0\nD: 10\nF: 90', 'A: 0\nB: 0\nC: 5\nD: 45\nF: 50']","[np.float64(nan), np.float64(nan), np.float64(nan)]","[np.float64(nan), np.float64(nan), np.float64(nan)]"
15300,"Throughout the designing and construction stages of the Empire State building's mooring mast, builders and engineers confronted many issues including, the distribution of building stress, fire hazards and the constant shifting caused by winds. During the planning stages of engineers, they confronted an issue, how to alliviate stress on the Empire State Building's frame. According to engineers making the ""thousand foot dirigible moored at at the top of the building held by a single cable tether would add stress to the building's frame..."" @CAPS1, the building would require ""over sixty thousand dollars"" in redesigning and modifying the current building's foundation and framework. Secondly, engineers and builders never considered the fire hazards, which they were confronted with after the completion of the mooring mast. The American dirigibles were filled with hydrogen rather than helium, making that gaseous-filled transportation highly flammable."" An example of this safety violation occurred with the burning of a dirigible in Lakehurst, New Jersey, causing builders to reflect on the possible severity of this possible accident in the heavily populated area of New York. Thirdly, New York had ""violent air currents"" which could cause the rear of the dirigibles to swivel and shift. The only possible solution was to way down the back with lead blocks, but this would be ""neither practical nor safe."" Engineers and builders of the Empire State Building were confronted with many problems and concerns sometimes only addressed by irrational solutions.","[{'A': 5.0, 'B': 40.0, 'C': 50.0, 'D': 5.0, 'F': 0.0}, {'A': 5.0, 'B': 40.0, 'C': 40.0, 'D': 10.0, 'F': 5.0}, {'A': 5.0, 'B': 40.0, 'C': 50.0, 'D': 5.0, 'F': 0.0}]","['A: 5\nB: 40\nC: 50\nD: 5\nF: 0', 'A: 5\nB: 40\nC: 40\nD: 10\nF: 5', 'A: 5\nB: 40\nC: 50\nD: 5\nF: 0']","[np.float64(nan), np.float64(-482.19280948873626), np.float64(nan)]","[np.float64(nan), np.float64(174.82892142331045), np.float64(nan)]"
531,"Dear The @ORGANIZATION1, @CAPS1 opinion on computers @MONTH1 be the same as others or different. I believe that computers help our society. They give us more knowledge on whatever subject we want, it helps us connect to family far away places and they even give us a better understanding of any place we can't see for ourselves. Some people feel that computers distract kids so they're never spending time with family. But what if one of your family members is on the other side of the world? @CAPS1 cousin lives in @LOCATION2 and the only way I can ever talk to him is through a computer. What if your a little kid and your mom or did go on business trips faraway for a very long time? You would use a computer to talk to them wouldn't you? Not everyone in your is always around you and when someone is faraway a computer is the way to connect. Because of computers kids don't exercise. What if your exercise happened to be hiking? In you get exercise and can expose the scenery. With a computer you can explore anywhere without even leaving your doorstep. Say your just a young kid and you're always located to see @LOCATION1 but you can never go there. What would you do? You would hop on a computer and check it out. You can explore any place you want with the click of a button. In school you learn about very historic people who have been dead for thousands of years. How would you learn more about them if they're gone? A computer has information about anyone you chance. You @MONTH1 not be exercising but you're expanding your knowledge aren't you. Yes you could go down to a library and take out a book on the person. However, what if the book doesn't have the information you are looking for? You could end up reading for hours when the certain information you want wasn't even there. A computer gives you anything you need in a matter of seconds. Why waste your time? Now is the time where our technology advances. Why waste your time on something when you've got what you need right at your fingertips? So what are you waiting for? Go learn what you want right now! Haven't seen your cousin in a long time? Start up your computer and get talking. The time is now!","[{'A': 5.0, 'B': 40.0, 'C': 40.0, 'D': 10.0, 'F': 5.0}, {'A': 15.0, 'B': 40.0, 'C': 30.0, 'D': 10.0, 'F': 5.0}, {'A': 5.0, 'B': 40.0, 'C': 40.0, 'D': 10.0, 'F': 5.0}]","['A: 5\nB: 40\nC: 40\nD: 10\nF: 5', 'A: 15\nB: 40\nC: 30\nD: 10\nF: 5', 'A: 5\nB: 40\nC: 40\nD: 10\nF: 5']","[np.float64(-482.19280948873626), np.float64(-463.51612202118827), np.float64(-482.19280948873626)]","[np.float64(0.0), np.float64(11.323312532452029), np.float64(0.0)]"
3370,"'All of us can think of a book that we hope none of our children or any other children have taken off the shelf. But if I have the right to remove that book from the shelf- that work I abhor- then you also have exactly the same right and so does everyone else. And then we have no books left on the shelf for any of us.' - @PERSON1     If one thinks about it books are such a magical escape from everday life. They can take one anywhere they want to go at anytime. Imagine a world where books are a luxury or where they are simply not present at all.I feel as if this would become an all too real reality if we censor books.      Where would the line be drawn saying a book is unfit to be @CAPS5 or placed into circulation. This would hold the world back since we could not express ourselves through our writing. So much would be left unsaid. I believe the quote stated above is quite true. If we place censorship on one book everyone has a right to ban other books as well. Just because certain books, movies, and magazines are deemed offensive to some, does not mean they should be banned for all. No one should we withheld from a book due to age, race, gender, or any other factor.      If one has ever been prohibited from doing something due to age or size the feeling is not pleasant.No one neccessarily said anything mean or hurtful it just feels as if restritions and boundaries were set for no particular reason. I have felt this way multiple times. I remember one time in particular. I went to @LOCATION1 with a group of my cousins and their friends. Since I was the youngest I was also the shortest. I could not ride many of the rides there due to my size. I knew why those heighth requirements were set, for my personal safety. This makes sense, but why should one be required to be a certain age to watch a movie or watch a tv show. Honestly some people are more mature than others and grow up faster. Everyone is different. Everyone has a different personality and different perspective, there is no need to ban a book for everyone when we are all different. One should not be ineligible to @CAPS5 a book or magazine or watch a movie. Not wanting to is totally differnet from not getting to.       The popular book To @CAPS1 A @CAPS2 was banned at one time in the @LOCATION2 simply for using the 'n-word'. This angers many especially when one ponders how much slavery as well as the @CAPS3 @CAPS4 affected and shaped us into who we are today. America is a great nation because of the @ORGANIZATION1.Do we need to have a @ORGANIZATION1 to @CAPS5!Why should we restrict ourselves and limit our own personal freedoms?  If anything is to be banned, I believe it is censorship","[{'A': 40.0, 'B': 35.0, 'C': 20.0, 'D': 5.0, 'F': 0.0}, {'A': 20.0, 'B': 40.0, 'C': 30.0, 'D': 10.0, 'F': 0.0}, {'A': 25.0, 'B': 40.0, 'C': 25.0, 'D': 10.0, 'F': 0.0}]","['A: 40\nB: 35\nC: 20\nD: 5\nF: 0', 'A: 20\nB: 40\nC: 30\nD: 10\nF: 0', 'A: 25\nB: 40\nC: 25\nD: 10\nF: 0']","[np.float64(nan), np.float64(nan), np.float64(nan)]","[np.float64(nan), np.float64(nan), np.float64(nan)]"
109,"Dear editor, @CAPS1 name is @PERSON1, and I believe that computers are a benefit to the world, and people as well. I say this because lots of people can talk to family of friends long distance. Also the computer can teach you lots of thing. Finally it makes you more social. In @CAPS1 strong opinion computers are better for the world. Firstly, many people can talk long distance with family of friends. You have web cam and that allows you to chat and see the person. Also @CAPS2 is another site where you can talk to friends and then you can have a lot and put pictures of yourself and even videos, even though you can talk on the phone and do all this but on the phone it costs money for a plan. When you use a computer it is completely free. Secondly, the computer teaches you things that help you later on in life, and it let's you know things as well. The computer people made programs that can computers and more really cool. The programs teach you how to type, it is called type to learn or type for fun. Also they have programs that let you know how to read. It is great for kids because they need to know these things any ways. Finally, the computer makes you more social. This is because you have @CAPS2 and it let's you know things that happen in school or out of school. You can talk to people on @CAPS2 or email each other and have a conversation with them. You can also meet new people from other places and have a good relationship with them. You have friends with and know who they are and won't need to figure it out. So, this is why I believe that having a computer is a good idea, and good to have. You can talk to people long distance. The computer teaches you things for life. Finally it makes you more social with people. So in @CAPS1 strong opinion it is a good idea to have a computer.","[{'A': 5.0, 'B': 40.0, 'C': 40.0, 'D': 10.0, 'F': 5.0}, {'A': 5.0, 'B': 60.0, 'C': 30.0, 'D': 5.0, 'F': 0.0}, {'A': 10.0, 'B': 60.0, 'C': 25.0, 'D': 5.0, 'F': 0.0}]","['A: 5\nB: 40\nC: 40\nD: 10\nF: 5', 'A: 5\nB: 60\nC: 30\nD: 5\nF: 0', 'A: 10\nB: 60\nC: 25\nD: 5\nF: 0']","[np.float64(-482.19280948873626), np.float64(nan), np.float64(nan)]","[np.float64(0.0), np.float64(nan), np.float64(nan)]"
87,"Computers. One of the much enjoyed pieces of technology. But it is also one of the many distractions. Many people ponder if computers are really beneficial. I am one of those thinkers. I think that computers don't always benefit society. They have many, many distractions such as facebook, online games, and even inappropriate images and videos. If you really think of it, are computers as beneficial as we think? My friend, @PERSON2 was just told about facebook, and got a membership. It just started out as a 'na big deal' kind of thing. She went online often, just to check on her status and if she had any messages in her inbox, and that's @CAPS2. But then, she was full-blown addicted. She applied for @CAPS2 the clubs and groups, and she started getting behind in school. She was obtaining a plethora of @CAPS1's on most of her tests after not studying because she was on for almost six hours everyday. @PERSON2 would come home and not even bother to do homework, but would just immediately go online. After one month of being a member, she was failing @CAPS2 of her classes, and her mom took her computer priveleges away. See, she was distracted by one, little thing, and her whole life was almost destroyed. ""But, mom, i'm in the middle of a game! And I'm winning!"" @PERSON1 says vistoriously. @PERSON1 loves online games, and he wins almost @PERCENT1 of the time. But, that's not the point. He plays games @CAPS2 the TIME. @PERSON1's game playing gets in the way with the interaction of him and his family. He @CAPS3't played eith his four year old sister, @PERSON3 since she was two years old. his mother also often eats dinner alone. Sometimes, he even views inappropriate pictures when his mom is out shopping. When he's playing a game, a girl @CAPS4 him, ""@CAPS5 at my pic. They're hot! and he looks at them. He thinks they're harmless but that's not what his mother thinks. his gaming has gotten in the way of his family and social life. most people think that computers are beneficial because you can find cool information. But, you can get @CAPS2 kinds of information from books. Instead of typing '@ORGANIZATION1', you could just @CAPS5 for it in a library. It takes less time, and you won't get carpal tunnel as easily. See? Computers aren't as beneficial as most think. There are @CAPS2 kinds of distraction, and these are only a few.","[{'A': 5.0, 'B': 30.0, 'C': 45.0, 'D': 15.0, 'F': 5.0}, {'A': 5.0, 'B': 30.0, 'C': 45.0, 'D': 15.0, 'F': 5.0}, {'A': 5.0, 'B': 30.0, 'C': 45.0, 'D': 15.0, 'F': 5.0}]","['A: 5\nB: 30\nC: 45\nD: 15\nF: 5', 'A: 5\nB: 30\nC: 45\nD: 15\nF: 5', 'A: 5\nB: 30\nC: 45\nD: 15\nF: 5']","[np.float64(-476.1627470860923), np.float64(-476.1627470860923), np.float64(-476.1627470860923)]","[np.float64(0.0), np.float64(0.0), np.float64(0.0)]"
7187,"There are several features of the setting which affect the cyclist one is the fact that he is traveling on a hot day in June. and the growing realization that I could drop from heatstroke on a gorgeous day in June. The heat was getting to the cyclist and he was scared he might get heatstroke. The terrain was also not very ideal for a cyclist on a hot @DATE1. I noticed the terrain changing. Flat road was replaced by short, rolling hills. The cyclist was tired and the hills were making it worse. The water bottles contained only a few tantalizing sips. The cyclist was running out of water quickly and there was nowhere close to get more. These glitches in the setting affected the cyclist because it was extremely hot, he was running out of water and there was rough terrain. The setting was not in the cyclist's favor.","[{'A': 0.0, 'B': 10.0, 'C': 50.0, 'D': 30.0, 'F': 10.0}, {'A': 0.0, 'B': 0.0, 'C': 20.0, 'D': 70.0, 'F': 10.0}, {'A': 0.0, 'B': 15.0, 'C': 70.0, 'D': 15.0, 'F': 0.0}]","['A: 0\nB: 10\nC: 50\nD: 30\nF: 10', 'A: 0\nB: 0\nC: 20\nD: 70\nF: 10', 'A: 0\nB: 15\nC: 70\nD: 15\nF: 0']","[np.float64(nan), np.float64(nan), np.float64(nan)]","[np.float64(nan), np.float64(nan), np.float64(nan)]"
12537,"In this memoir, the author, Narciso Rodriguez enstills a kind of loving mood and a strong feeling of gratitude. He is thankful for the fact that his parents sacrificed their happiness and family for the well-being of their child's (Narciso's) life, as shown in paragraph @NUM1, where it says: ""My mother and father had come to this country with such courage, without any knowledge of the language or the culture. They came selflessly, as many immigrants do, to give their children a better life, even though it meant leaving behind their families, friends, and careers in the country they loved."" Also, Narciso gives a feeling of admiration for his parents. He admires their courage for leaving all the wonderful stuff in Cuba, as he says in paragraph @NUM2: ""I've often told them [his parents] of my admiration for their strength and perseverance, and I've thanked them repeatedly.""All in all, Narciso really shows a feeling of love in this memoir.","[{'A': 0.0, 'B': 5.0, 'C': 45.0, 'D': 40.0, 'F': 10.0}, {'A': 0.0, 'B': 5.0, 'C': 30.0, 'D': 50.0, 'F': 15.0}, {'A': 0.0, 'B': 0.0, 'C': 10.0, 'D': 80.0, 'F': 10.0}]","['A: 0\nB: 5\nC: 45\nD: 40\nF: 10', 'A: 0\nB: 5\nC: 30\nD: 50\nF: 15', 'A: 0\nB: 0\nC: 10\nD: 80\nF: 10']","[np.float64(nan), np.float64(nan), np.float64(nan)]","[np.float64(nan), np.float64(nan), np.float64(nan)]"
762,"Computers. They are an amazing marvel of science that greatly benefits man-kind today. But computers can be good or bad depending on how you use them. Homework can be made easier, connecting with others is easier, and entertainment like @CAPS1 and video games are a click away. On the otherhand, Computers can be distracting, addicting, and tiring. It is important to know the pros and cons of computers. For example, the search engine, @ORGANIZATION1, is an easy to use website that can be very helpful. If there is a concept or problem that you are having trouble with, just type it into @ORGANIZATION1 and links to websites pop up that will help answer anything that you would like to know. There is also a website called @LOCATION1. This website is an all purpose dictinary, @CAPS2, encyclopedia and translator. I even have an application for it on my cellphone. But technology can also be distracting. Social networking websites, like facebook, games websites like @CAPS3, and also websites like @CAPS4 can be very tempting and distracting when you should be doing homework. Procrasination is very easy to give into. But self control is the only way to avoid this problem. Budgeting your time so that you can do both your homework, and go on the computer is also very important. One thing that I find very useful on computers is an online textbook. We are lucky enough today that most large books can be formated onto a computer. Instead of carrying a @NUM1-pound text book, you can just use a @NUM1 megabyte book on the internet. This makes travel to and from school much easier. That, and textbooks often use up a lot of desk space, but all you nneed is the space that a computer will consume anyway. Studying is also made easier this way. All of the things that a computer can do are great. But this can also keep us from going outside, excersising, and seing real people in real life. This need for the computer can be bad. We are too connected as a society. Our status, feelings, friends, and position in life are always needing to be updated. Distractions are everywhere. Facebook, for instance, is very addicting. You are looking at a virtual landsacape. Self control really is the only way to get off the computer and step into the real world. Overall, computers are great, but you have to know when, and how long to use it. It has several benefits such as entertainment, communication, and information. But all of these things can be just as distracting as they can be helpful. Knowing this. I hope that society can think of the pros and cons of the computer.","[{'A': 15.0, 'B': 65.0, 'C': 15.0, 'D': 5.0, 'F': 0.0}, {'A': 10.0, 'B': 60.0, 'C': 25.0, 'D': 5.0, 'F': 0.0}, {'A': 15.0, 'B': 65.0, 'C': 15.0, 'D': 5.0, 'F': 0.0}]","['A: 15\nB: 65\nC: 15\nD: 5\nF: 0', 'A: 10\nB: 60\nC: 25\nD: 5\nF: 0', 'A: 15\nB: 65\nC: 15\nD: 5\nF: 0']","[np.float64(nan), np.float64(nan), np.float64(nan)]","[np.float64(nan), np.float64(nan), np.float64(nan)]"
9114,"The author concludes the Winter Hibiscus with that paragraph to show the narrator realizes that even though shes in a new country, some things are still the same. So she becomes determined to pass the test. For example, the narrator said, she realized that many of the things that she had thought of are strange before had become, through the quick repetition of season upon season familiar to her now.  This quote shows that the narrator has realized that even though aspects of how life has changed, some things remain same. This also shows that some things like the test were strange to her but now that she is familiar with it she could pass it. The narrator also said, Saeng did not dare look at her mother in her eyes. This quote shows that the narrator was disappointed with herself for not passing the test. This means that the test was very important to her with the  of pressure to pass, and of a new is ready to pass the test. But shell be more prepared. The theme of this story could be seen things discourage you. The narrator has gone through recently many but in the seasons.","[{'A': 0.0, 'B': 5.0, 'C': 25.0, 'D': 50.0, 'F': 20.0}, {'A': 0.0, 'B': 5.0, 'C': 25.0, 'D': 50.0, 'F': 20.0}, {'A': 0.0, 'B': 5.0, 'C': 25.0, 'D': 50.0, 'F': 20.0}]","['A: 0\nB: 5\nC: 25\nD: 50\nF: 20', 'A: 0\nB: 5\nC: 25\nD: 50\nF: 20', 'A: 0\nB: 5\nC: 25\nD: 50\nF: 20']","[np.float64(nan), np.float64(nan), np.float64(nan)]","[np.float64(nan), np.float64(nan), np.float64(nan)]"
19412,Patience is when your understanding and tolerant. Also a person that experiences difficulties without complaining. A time when I was patient was when my baby sister was born. I was patient then because I had to wait until she was born and then I could become a big sister. My little sister was supposed to be born on @DATE1 twenty second. That day my mom wasnt even breaking a sweat. I thought she would be ready to go and get her bags(which she packed the night before) and ready to have the baby. I most certainly was. One week and two days later my mom went into labor and was ready to have my little sister. I was patient for those nine days of waiting. I waited patiently in the waiting room with my dad and big brother until the nurse came out and said we could come inside of the room. When I saw my baby sisters face I almost started to cry. I knew I was going to love her and she was going to be just as patient as I was.,"[{'A': 0.0, 'B': 0.0, 'C': 5.0, 'D': 80.0, 'F': 15.0}, {'A': 5.0, 'B': 15.0, 'C': 40.0, 'D': 30.0, 'F': 10.0}, {'A': 0.0, 'B': 5.0, 'C': 45.0, 'D': 40.0, 'F': 10.0}]","['A: 0\nB: 0\nC: 5\nD: 80\nF: 15', 'A: 5\nB: 15\nC: 40\nD: 30\nF: 10', 'A: 0\nB: 5\nC: 45\nD: 40\nF: 10']","[np.float64(nan), np.float64(-463.51612202118827), np.float64(nan)]","[np.float64(nan), np.float64(806.2978684004602), np.float64(nan)]"
16178,"It is clear that there were problems in trying to dock dirigibles on the Empire state Building. The first reason's that, the law against flying airships to low over the Empire State Building made it hard to do so. Next is that the thoughtes in being unsafe because some dirigibles use hydrogen instead of helium and hydrogen is flammable A big reason is when the german dirigible got destryed by fire in Lakehurst, New Jersey, the owners of the Empire State Building then realized how much more worse the accident could have been if it had happened on such a densely populated area suched as downtown New York City. The last reason was the thought that they would use lead weights to hold the dirigibles down, but they realized that it wasn't practical nor was it safe. It was clear that there were problems in the docking of dirigibles on the Empire State building; but it is probably a much safer choice for both the residents/citizens of New York and all of the people who ever work(ed) on it such as architects, engineers and the aviation pioners.","[{'A': 0.0, 'B': 5.0, 'C': 75.0, 'D': 20.0, 'F': 0.0}, {'A': 0.0, 'B': 10.0, 'C': 70.0, 'D': 20.0, 'F': 0.0}, {'A': 0.0, 'B': 10.0, 'C': 70.0, 'D': 20.0, 'F': 0.0}]","['A: 0\nB: 5\nC: 75\nD: 20\nF: 0', 'A: 0\nB: 10\nC: 70\nD: 20\nF: 0', 'A: 0\nB: 10\nC: 70\nD: 20\nF: 0']","[np.float64(nan), np.float64(nan), np.float64(nan)]","[np.float64(nan), np.float64(nan), np.float64(nan)]"
18640,"@CAPS2 was a dark saddanly night we went to go pick up some subway for my family. Boom, a struck of lightning  @CAPS1 every thing went dark. The manger came out every body be calme she and use navy blue flash lights we couldnât get to our car because @CAPS2 was raining & thundering so hard we were scared we were going  get shocked. So we waited growl, whent my tummy.âIâm hungryâ so me and my grandmother asked can we still get our subs made because we have light. The manger said âokayâ. She told the worker to get back to work. @NUM1 min later the manger started passing out subs chips, soda, and cookies @CAPS2 was @NUM2 pm. We all ate drank I felt asleep. We all woke up the next morning sun shing lights on. So we all walked out to our cars smelling like break & meat. That was the best patient day of my life.","[{'A': 0.0, 'B': 0.0, 'C': 5.0, 'D': 30.0, 'F': 65.0}, {'A': 0.0, 'B': 0.0, 'C': 5.0, 'D': 30.0, 'F': 65.0}, {'A': 0.0, 'B': 0.0, 'C': 5.0, 'D': 45.0, 'F': 50.0}]","['A: 0\nB: 0\nC: 5\nD: 30\nF: 65', 'A: 0\nB: 0\nC: 5\nD: 30\nF: 65', 'A: 0\nB: 0\nC: 5\nD: 45\nF: 50']","[np.float64(nan), np.float64(nan), np.float64(nan)]","[np.float64(nan), np.float64(nan), np.float64(nan)]"
10508,"The author concluded the story with the paragraph because it shows that everything and everyone can make it through a tough time. This paragraph acts as a final positive message to readers. The text say, when they come back... I will take that test again. This quote shows that Saeng can see herself as one of the geese or the budding hibiscus plants. She knows that her winter is her test and that when she is ready, shell be able to take the test again and be successful. The budding of the hibiscus represents the time when shell be prepared to take the test. Though she is having a tough tine now, she'll be able to get through it and make another attempt. This paragraph is at the end because it brings together the purpose of the hibiscus. Without saying this, the readers would have never gotten this message, instead, they would believe that the role of the hibiscus was to serve as a connection to Saengs past. In conclusion, this positive paragraph was included to show readers that everyone can balance back from a bad situation.","[{'A': 10.0, 'B': 60.0, 'C': 25.0, 'D': 5.0, 'F': 0.0}, {'A': 0.0, 'B': 10.0, 'C': 70.0, 'D': 20.0, 'F': 0.0}, {'A': 0.0, 'B': 10.0, 'C': 70.0, 'D': 20.0, 'F': 0.0}]","['A: 10\nB: 60\nC: 25\nD: 5\nF: 0', 'A: 0\nB: 10\nC: 70\nD: 20\nF: 0', 'A: 0\nB: 10\nC: 70\nD: 20\nF: 0']","[np.float64(nan), np.float64(nan), np.float64(nan)]","[np.float64(nan), np.float64(nan), np.float64(nan)]"
15774,"In the excerpt from The Mooring Mast by @ORGANIZATION2 builders must faced many obstacles in the attempt to allow the dirigibles to dock on the Empire State Building. In paragraph @NUM1 of the excerpt it states, ""A thousand-foot dirigible moored at the top of the building, held by a single cable tether, would add stress to the building's frame."" The stress of the wind and dirigible's weight would have to be transmitted to the foundation of the building, about eleven hundred feet below. In paragraph @NUM2 of the excerpt it states, ""most dirigibles... used hydrogen rather than helium, and the hydrogen is highly flammable."" If another disaster happened like the Hindenburg (which was destroyed by fire) in an area heavily populated like New York, above a large building with many people, it would be a thousand times worse. The winds above the Empire State Building were constantly changing because of violent air currents. This left the designers to deal with the problem of a dirigible swinging around the mooring mast. In the excerpt from The Mooring Mast by Marcia Amidon @ORGANIZATION2 the builders faced so many obstacles that they eventually abandoned the project.","[{'A': 0.0, 'B': 10.0, 'C': 40.0, 'D': 40.0, 'F': 10.0}, {'A': 5.0, 'B': 15.0, 'C': 40.0, 'D': 30.0, 'F': 10.0}, {'A': 5.0, 'B': 15.0, 'C': 40.0, 'D': 30.0, 'F': 10.0}]","['A: 0\nB: 10\nC: 40\nD: 40\nF: 10', 'A: 5\nB: 15\nC: 40\nD: 30\nF: 10', 'A: 5\nB: 15\nC: 40\nD: 30\nF: 10']","[np.float64(nan), np.float64(-463.51612202118827), np.float64(-463.51612202118827)]","[np.float64(nan), np.float64(174.02935775125695), np.float64(174.02935775125695)]"
3298,"Many people base their actions on their own views. What @MONTH1 appear to be justified in their minds, due to their beliefs, might cause an uproar from others. One instance of this: media censorship. It happens every day, every place. Someone can take it upon them selves to ,in their mind, 'make the piece better for @CAPS8 viewing'. In reality, though, they are really ruining the experience of the media for everyone else and even impeading on the rights granted to us by the constitiution: @CAPS1 of the @CAPS2.                First up, books in the library. Everytime I go to the library and pick up some books, there is always one book with the 'bad parts' marked out. Someone had found these words offensive and decided that no one should have to see or read them. To me, it was irritating. I don't always like those words either, but having them marked out is distracting from the page and , for me, ruins the author's voice and style of writing, hence impairing what I draw from the book. Some marked-out words aren't always offensive to others, either. Simply put, if you find the book offensive, don't read it. Others @MONTH1 enjoy it, whether they share your views or @CAPS7.           People also take the liberty of simply removing whole pieces of media from shelves just because they find it offensive. If everyone removed anything they didn't like, or found offensive, there would be nothing left in the world for anyone to enjoy. We, as @LOCATION1 citizens, have the right to make our own choices, and our choices should @CAPS7 be limited by the views of certain individuals. That means that if I want to read or view something, it should be available to me, so I @MONTH1 learn and expand my views, even if it makes someone else uncomfortable.           With nearly every disputable form of media that comes out, people harangue the producers and say the piece should have never been made. Wrong. Producers and authors can publish whatever they would like. It's called @CAPS1 of the @CAPS2, and it is a right garunteed to us, as @CAPS5 citizens, under the @CAPS6. And learly, if pieces like that are being produced, people read it. Plain and simple. You might @CAPS7, but maybe a neighbor, or even a relative, @MONTH1 @CAPS7 be offended by it and might read it. Supply and demand. If everyone found it offensive, no one would buy or read it, and because of that, it would no longer be produced. You would get your way. But, no. Some people do read it and it is produced. Again, if you don't like it, don't read it.          People should @CAPS7 take it upon themselves to censor what others can and can't do, see, or read. If someone wants to read a story that has 'bad words' in it, so be it. Others should @CAPS7 ruin the experience by marking the words out. @CAPS7 only is it rude and ruining the experience for the reader, but it is also destroying someone else's property. If someone wants to view something that is against a certain religion, so be it. They have the right and no one can take that right away from them. In my opinion, censorship in libraries, whether by government, or other civilians, should @CAPS7 be allowed. We citizens are allowed the right to make our own choices and in @CAPS8 libraries, the @CAPS8 should be allowed to read or watch whatever they want. Choice is one of the prinicples of the constitution, and it should be protected, @CAPS7 limited","[{'A': 10.0, 'B': 60.0, 'C': 25.0, 'D': 5.0, 'F': 0.0}, {'A': 30.0, 'B': 40.0, 'C': 20.0, 'D': 10.0, 'F': 0.0}, {'A': 10.0, 'B': 60.0, 'C': 25.0, 'D': 5.0, 'F': 0.0}]","['A: 10\nB: 60\nC: 25\nD: 5\nF: 0', 'A: 30\nB: 40\nC: 20\nD: 10\nF: 0', 'A: 10\nB: 60\nC: 25\nD: 5\nF: 0']","[np.float64(nan), np.float64(nan), np.float64(nan)]","[np.float64(nan), np.float64(nan), np.float64(nan)]"
426,"Dear, @CAPS1 of the @ORGANIZATION1 @CAPS2 has come to my concern that many people are debating on whether computers benefit our society or not. Some people think computers are the lives of many people, but I have to disagree with those who say that. I think that computers benefits our society in there ways, they bring people together, they offer many websites to research a topic, and they let people shop at home. One way that computers help us is that they bring people together by using the internet. Many families do not live close to other relatives, making hard to see them. But with the internet, people can use social networking sites such as facebook or myspace to keep in touch with one another. Distant relatives can talk and share picture with one another to keep in touch. Also, the internet can help bring couple together and potentially lead to marriages. How @MONTH1 times have you seen those @CAPS3 harmony commercial that claim to have brought two singles together to make a happy couple? Another way that computers help today's society is that they offer many places to conduct research on a certain topic. There are so many search engines on the internet that lead you to numerous websites to help you find out what you need to know. Also, researching a topic on the computer is so much easier compared to going to the library and reading books. When using books, to research a topic, you need to find the right book, read the whole thing or at least most of @CAPS2, and find what you're looking for. But with the internet, you just type in what you're looking for, click, and go. Lastly, computers let you shop online and lead to a better shopping experience. By shopping online, you skip the long lines at retail stores which means less time walking to get your product. For example, many people rush to stores early in the @TIME1 for huge sales on ""@CAPS4 @DATE1."" A person could be left waiting in line for hours to get a product. Why wait outside for so long when you could just buy the product in the comfort of your own home and get the product delivered right to your house? Also, many websites offer special deals for shopping online so you can even money. In conclusion, I think that computers benefit our society in three ways, they bring people together, they offer many websites to research a topic, and they let people shop at home. A world without computers would be so much different than the world we live in today.","[{'A': 60.0, 'B': 30.0, 'C': 10.0, 'D': 0.0, 'F': 0.0}, {'A': 5.0, 'B': 60.0, 'C': 30.0, 'D': 5.0, 'F': 0.0}, {'A': 40.0, 'B': 45.0, 'C': 10.0, 'D': 5.0, 'F': 0.0}]","['A: 60\nB: 30\nC: 10\nD: 0\nF: 0', 'A: 5\nB: 60\nC: 30\nD: 5\nF: 0', 'A: 40\nB: 45\nC: 10\nD: 5\nF: 0']","[np.float64(nan), np.float64(nan), np.float64(nan)]","[np.float64(nan), np.float64(nan), np.float64(nan)]"
4324,"I think that any book or movie should have some warning sighns apon it, to insure that all peaople know what they are going to experience before reading or seeing anything. sSome movies or books read or watched, should have an age limit too. Some of the things people find offensive, other people @MONTH1 not and if taken all of the stuff out of movies or books @MONTH1 cause people not to go see or read as much movies or books.      In alot of music some things might be offensive, but if you don't apriciate what they say in the song then dont listen to that group. There are some rap artist that say some things people might not like but, you dont have to listen to them there are alot more bands and diffrent kinds of music to choose from. It would b hard taken stuff out of movies and music like that because it might take alot of what the people want to see.     In magazines alot of people including i like hearing the trooth about celebrities and interesting facts about people and movies, that alot of people @MONTH1 not know. If parents dont like there children reading those kinds of books have them go buy a set that they will enjoy haveing there kids read.","[{'A': 0.0, 'B': 5.0, 'C': 25.0, 'D': 50.0, 'F': 20.0}, {'A': 0.0, 'B': 0.0, 'C': 5.0, 'D': 45.0, 'F': 50.0}, {'A': 0.0, 'B': 5.0, 'C': 25.0, 'D': 50.0, 'F': 20.0}]","['A: 0\nB: 5\nC: 25\nD: 50\nF: 20', 'A: 0\nB: 0\nC: 5\nD: 45\nF: 50', 'A: 0\nB: 5\nC: 25\nD: 50\nF: 20']","[np.float64(nan), np.float64(nan), np.float64(nan)]","[np.float64(nan), np.float64(nan), np.float64(nan)]"
493,"Dear @ORGANIZATION1 I belive that computers benifit society because it is a faster and easyer way to do thing such as. Communication, email helps comunicat with other people when you don't have time to talk on the phone at work or don't want to spend an hour on the phone. It is also faster than wating for them to anwer the phone and ther phone mite die. Or they wont answer and they need information fast. Another good thing about computers are looking up information like if you are going an atrip you can look up hotels find maps and plane tikets and see what the place will look like, or if you have a school project that you need to finish but you don't have time to read you go on the internet. If you have to look up a contry or a peresident or an animal or find picturs the internet has it all. Even bilding progects like plastering a wall bying a window or planting bilding a shed you can find direction and supplies you will need and the interent. Computer can even help someone at work like an arctech the can use computers to make a @NUM1 sketch of a bilding. Even for storing data like at the doctors ofice they keep you @CAPS1 in a computer. Or the goverment keeps secet @CAPS1 in computers. There ars still job like fixing computers bilding computers. This is why. I think computers are good for society becose without computers without computers same people want have a job and everything will be harder and be limited to sertan things like fast communication and work directions.","[{'A': 0.0, 'B': 5.0, 'C': 30.0, 'D': 50.0, 'F': 15.0}, {'A': 5.0, 'B': 20.0, 'C': 40.0, 'D': 30.0, 'F': 5.0}, {'A': 0.0, 'B': 5.0, 'C': 45.0, 'D': 45.0, 'F': 5.0}]","['A: 0\nB: 5\nC: 30\nD: 50\nF: 15', 'A: 5\nB: 20\nC: 40\nD: 30\nF: 5', 'A: 0\nB: 5\nC: 45\nD: 45\nF: 5']","[np.float64(nan), np.float64(-469.74168451037093), np.float64(nan)]","[np.float64(nan), np.float64(204.27376486136671), np.float64(nan)]"
9089,"The author concludes the story with the last paragraph because Saeng failed the test at the beginning of the story. After going through the plants and learned new things, it is natural for Saeng to take the test again in the spring(end of the story).  I think this because Saeng  learned that she has  to get used to hung in @LOCATION1 and the plant remainded her  that she has to when  she saw the geese fly in the ""V""formation,it was the same as back at home in Vietnam. She realized that it was the same as Vietnam and she has to take that driver's test again in order to get used to living in @LOCATION1 with all of its changes. I also think that its prayer to end the story with her taking the driver's test in spring because the geese will come back,and the hibiscus is budding. This is the beginning for them as well as Saeng.                                                                                                       ","[{'A': 0.0, 'B': 0.0, 'C': 5.0, 'D': 45.0, 'F': 50.0}, {'A': 5.0, 'B': 15.0, 'C': 40.0, 'D': 30.0, 'F': 10.0}, {'A': 5.0, 'B': 15.0, 'C': 40.0, 'D': 30.0, 'F': 10.0}]","['A: 0\nB: 0\nC: 5\nD: 45\nF: 50', 'A: 5\nB: 15\nC: 40\nD: 30\nF: 10', 'A: 5\nB: 15\nC: 40\nD: 30\nF: 10']","[np.float64(nan), np.float64(-463.51612202118827), np.float64(-463.51612202118827)]","[np.float64(nan), np.float64(813.8304624155288), np.float64(813.8304624155288)]"
18438,"Once apon a time, in a land for army, there was a girl named @PERSON1. One day @PERSON1 and her mom where going to watch a movie called @CAPS1 from @LOCATION1. @CAPS2 when they got to the theater, the tickets were sold and so they had to watch another movie. It mustve been a bad day because once they got up to the ticket sold and remember to go to! @PERSON1 and her mom left and went to go eat. They went to a place called @ORGANIZATION1 and got in to order! They ordered their food, sat back down and ate. Once they were done, the left and went to try again with the movie @CAPS2 when they did the line was as long as a mile! @PERSON1s mum just told her to be patient and wait I told about and listening to go???. When they were there, they finally got the last ticket available. After that her mom @CAPS5 so honey @CAPS3 were patient???When they got home???  the couch, got a snack, and waited for @PERSON1s sister and dad to get home. finally, they ???  withe a big surprise  and @PERSON1s dad was holding tickets to go see the movie @PERSON1 and her mom had just seen! @CAPS3 were trying to find you all day @CAPS5 her father. @CAPS4 @CAPS3 couldnt find you. @CAPS5 her sister. @PERSON1 and her mom looked at each other and explained that they can go see the movie @CAPS3 were patient and waited in line an got the last ticket available! And @CAPS3 won feifty dollars too! exclaimed @PERSON1. The @CAPS6!","[{'A': 0.0, 'B': 0.0, 'C': 0.0, 'D': 5.0, 'F': 95.0}, {'A': 0.0, 'B': 0.0, 'C': 0.0, 'D': 5.0, 'F': 95.0}, {'A': 0.0, 'B': 0.0, 'C': 0.0, 'D': 5.0, 'F': 95.0}]","['A: 0\nB: 0\nC: 0\nD: 5\nF: 95', 'A: 0\nB: 0\nC: 0\nD: 5\nF: 95', 'A: 0\nB: 0\nC: 0\nD: 5\nF: 95']","[np.float64(nan), np.float64(nan), np.float64(nan)]","[np.float64(nan), np.float64(nan), np.float64(nan)]"
4426,"There are things in the world that are not ment for certain people to see. Things like rated @CAPS1 movies, @CAPS2 books, alcohol, and @CAPS2 music are not ment for children. Yes people have rights, they can view whatever they want. If a @CAPS4 wants to see a rated @CAPS1 movie or drink a beer that is the parents choice to let that @CAPS4 see that movie not the person running the store. If you are under the age limit a store keeper should have the right to tell you, you can't go in the store or buy his product.           Is it okay for a storkeeper to to tell your @CAPS4 no? Some would say yes to this and others would say no. If your @CAPS4 is trying to buy a movie with guns, blood, and killing, and you don't want your @CAPS4 to have this movie you might be mad if a store keeper let your @CAPS4 buy it. On the other hand you might be mad if this store keeper told your @CAPS4 he wasnt allowed to buy this movie. If the rated @CAPS1 is based on maturaty how does this store keeper know how mature your @CAPS4 really is? Your @CAPS4 could be a one that likes to copy the things they see on movies, the store keeper doesn't know if this is true or not. He doesn't know this @CAPS4, he can't say if he is mature enough to watch this movie with guns, blood, and killing. How would this store keeper feel if this @CAPS4 watched this movie he let the @CAPS4 buy and the @CAPS4 went out and killed someone, how would you feel if this happened? This wouldn't happen if there was an age limit.     If a group of @NUM1 year olds who just got their license go into a liquor store and try to buy beer, who is going to stop them from drinking and driving if there is no age limit on drinking? Lives get wasted when teenagers make choices like drinking and driving. When your @NUM2 years old you don't think about whats going to happen after you make a choice, you just think about how fun it's going to be while your doing it. Most 12-@NUM2 year olds aren't mature enough to make decisions in the spure of the moment.      There for there should be an age limit for some things, maybe not all things in the world, like weather or not your @CAPS4 can buy a candy bar or a soda. But an age limit on buying an @CAPS1 rated movie, alcohol, guns, knives exc. What would the world be like if children went around with these things? With an age limit on ceritain this there wouldn't be a probelm with these things","[{'A': 0.0, 'B': 5.0, 'C': 45.0, 'D': 40.0, 'F': 10.0}, {'A': 0.0, 'B': 5.0, 'C': 45.0, 'D': 40.0, 'F': 10.0}, {'A': 0.0, 'B': 5.0, 'C': 45.0, 'D': 40.0, 'F': 10.0}]","['A: 0\nB: 5\nC: 45\nD: 40\nF: 10', 'A: 0\nB: 5\nC: 45\nD: 40\nF: 10', 'A: 0\nB: 5\nC: 45\nD: 40\nF: 10']","[np.float64(nan), np.float64(nan), np.float64(nan)]","[np.float64(nan), np.float64(nan), np.float64(nan)]"
21481,"Have @CAPS3 ever had that one moment with some that @CAPS3'll remember forever and laugh about every time @CAPS3 think about @CAPS2.? @CAPS8 I have and I think that everyone should have a moment of laughter in there life. On the day of @DATE1 was the day that I will laugh about for the rest of my life. On this day my boyfriend @PERSON1 from @LOCATION1 decided that @CAPS1 wanted to take me out to an early breakfast. @CAPS1 called me around four in the morning saying that @CAPS1 was starving and that @CAPS1 needed some food in his stomach. So @CAPS1 picked me up around five am and we went to @ORGANIZATION1. We sat there drank coffee and ate pancakes. We finished very early so @PERSON1 wanted to go for a drive, let me remind @CAPS3 @CAPS1's from @LOCATION1 so @CAPS1 has @CAPS6 clue where anything is in @LOCATION2. So as we head out of town I am giving him directions to where the best place is to go for a drive. We are in his @DATE2 poniac which is not the greatest vehicle to be going for a ride in around this town, because around here @CAPS3 need a four wheel drive vehicle otherwise @CAPS3're probably going to get stuck where ever @CAPS3 go. We were doing great at first because we stayed on the pavement roads, but @PERSON1 wanted to explore the gravel roads. So we started to go down a gravel road and we both decided that maybe @CAPS2 was time to go home. When we came up to another road @CAPS1 decided @CAPS1 was going to turn around. That was not the greatest idea. @CAPS1 seen the sign for the street but @CAPS1 turned the wrong way into a field. @CAPS2 was okay, @CAPS8 as first @CAPS2 was . Until @CAPS1 went to back up, and the car wouldn't move. I looked at him and laughed and said ""I told @CAPS3 that @CAPS3 needed to go right not left."" @CAPS1 then looked at me and said, ""@CAPS2's not stuck I just need to try a little more, and we'll be out."" One thing that @PERSON1 did not know is that @CAPS2 had been warm in @LOCATION2 the last couple of days, so all the fields were very wet and soft. I looked at him and told him that @CAPS1 might not want to @CAPS5 that but @CAPS1 said that is was fine @CAPS1's done this before. So I got out of the car and went and stood by the road. @PERSON1 tried to get the car out of the mud for at least ten minutes, and that was not the greatest thing to @CAPS5, because now the tires were berried under the mud. I started to laugh so hard because @CAPS1 got out of the car and looked at me and said I should have listened. @PERSON1 had one more thing that @CAPS1 wanted to try, because @CAPS6 offense but @CAPS1's a boy and they can @CAPS5 everything themselves. So @CAPS1 told me to get into the car and put @CAPS2 in reverse so I did as @CAPS1 said, then @CAPS1 said okay lightly push on the gas as I push, @CAPS8 I did a little more then lightly push on the gas. I looked up and @PERSON1 was covered in mud from head to toe. @CAPS2 was the greatest thing I have seen in my life, my boyfriend had got what @CAPS1 deserved because @CAPS1 wouldn't listen to me. I looked at him and my eyes instantly started to water, I was trying to hold my laugh in, but @CAPS2 just wasn't working. I started to laugh and @CAPS1 looked at me and said, ""@CAPS3 think this is funny?"" @CAPS1 then pulled me out of the car and shut the door and started to wipe mud all over my face, I was laughing so hard that i fell and took him down with me right into the mud. @CAPS8 to make the story even better, we went to go open the doors to the car, and @CAPS3 remember how I told @CAPS3 that I put the car in reverse @CAPS8 when @CAPS1 pulled me out i didn't take @CAPS2 out of reverse, and his car locks when its not in park. I then looked at him and said, "" @CAPS5 @CAPS3 have an extra key on @CAPS3 by chance?"" ""@CAPS6"", @CAPS1 said, ""@CAPS7?"" I looked at him and said, ""@CAPS8 lets see the car is still running, the windows are up, our phones are still in the car, and @CAPS8 to finish @CAPS2 off the doors are locked."" @CAPS1 looked at me and his mouth dropped. We sat there waiting for almost an hour and a half before anyone came down the road. @CAPS2 took use about forty-three minutes to get the doors unlocked, and then @CAPS2 took us about thirty minutes to get @CAPS2 unstuck. When I got home I told my family the story, and we still laugh about @CAPS2 to this day.","[{'A': 0.0, 'B': 0.0, 'C': 10.0, 'D': 50.0, 'F': 40.0}, {'A': 5.0, 'B': 20.0, 'C': 40.0, 'D': 30.0, 'F': 5.0}, {'A': 5.0, 'B': 20.0, 'C': 40.0, 'D': 30.0, 'F': 5.0}]","['A: 0\nB: 0\nC: 10\nD: 50\nF: 40', 'A: 5\nB: 20\nC: 40\nD: 30\nF: 5', 'A: 5\nB: 20\nC: 40\nD: 30\nF: 5']","[np.float64(nan), np.float64(-469.74168451037093), np.float64(-469.74168451037093)]","[np.float64(nan), np.float64(971.4212582690386), np.float64(971.4212582690386)]"
19052,"Have you ever been in a situation when you know something good is coming or is going to happen and you just @CAPS1t control yourself? You ask your parents, when and they say, soon just have some patience! well this has happened to me multiple times, such as when we were going to @LOCATION1 or @LOCATION2, but on this special occasion, getting our new dog. I decided to be a mature teenager and be patient. It was @DATE1 @TIME1, the day my family was getting a dog and I was so excited. My stomach was filled with butterflies, trying to fly out and explode in happiness. Everyone else in my family was the same way, but just then, I remembered my goal about being a mature teenager and patient. So I carried on with my normal, everyday life. Eat breakfast, comb hair, get dressed, brush teeth, and go to school. Later, when I came home, my mom announced that my dad will arrive with my puppy in @NUM1 minutes. So I sat on my chair, in my room and watched the clock tic and toc for about @NUM2 minutes. Then, I walked in to the living room, where the rest of my family was sitting and waited till I heard a door slam. Suddenly. Boom! The door slammed on my dads truck. My mom, brother, and sister bolted to the door as I simply walked to see the puppy. aww! everyone screamed. @CAPS1 I hold her, and shes my dog, and lets name her also came in the conversation. Then, my dad glared at me, standing their quietly and handled me the dog. you are being so patient, you @CAPS1 be the one to hold her first! I was so proud of myself. I was patient and I was the one that got to hold her first. Being patient @CAPS1 pay off!","[{'A': 0.0, 'B': 5.0, 'C': 25.0, 'D': 50.0, 'F': 20.0}, {'A': 5.0, 'B': 20.0, 'C': 50.0, 'D': 20.0, 'F': 5.0}, {'A': 0.0, 'B': 5.0, 'C': 45.0, 'D': 45.0, 'F': 5.0}]","['A: 0\nB: 5\nC: 25\nD: 50\nF: 20', 'A: 5\nB: 20\nC: 50\nD: 20\nF: 5', 'A: 0\nB: 5\nC: 45\nD: 45\nF: 5']","[np.float64(nan), np.float64(-478.2892142331043), np.float64(nan)]","[np.float64(nan), np.float64(231.2674833210577), np.float64(nan)]"
1665,"Dear @CAPS1, Advances in computer technology have positively affected the society we live in today. Computers teach hand-eye coordination, help kids learn inside and outside of school, and connect the world socially. These amazing devices have done nothing to harm the new generation. In fact, they have done quite the opposite. Computers are an excellent way of teaching hand-eye coordination. People who are opposed to using computers believe that all they do is make kids lazy and ignorant. This is not the case. The coordination gained from using the mouse games over to sports like baseball and lacross. Players have to look at an incoming ball, and guide their stick or mitt to catch the ball. As you can see, coordination is essential to sports. It is also needed for simple every day tasks around the house. These could be as plain as just taking out the trash or cooking meals. We overlook the fact they easy jobs like these still require coordination. A misplaced pot could pour boiling water on the floor and cause a huge mess. W are lucky that we live in a world with such a good teacher of hand-ey coordination. Computers are the worlds most knowledgeable teachers. No matter how hard you try if you are using a computer, you will learn something. The internet is a best cache of information. In the current day and age, the environment is a growing concern. Paper no made from trees, so must be cut down. It takes forty years for a tree to grow, and seconds to cut one down. Schools everywhere should use computer and keyboards for work instead of paper and pencil. Since most students are familiar with computers, they enjoy working with them more than writing. The average kid could learn more in an hour with a computer than they would whole day at school. The transiton needs to be made. Computers are also a massive social network. Instant messaging and @CAPS2 are now primary sources of communication. If it hasn't for computers, I wouldn't be able to talk to my friend that moved to @LOCATION2 two years ago. This is just one example of how social networks are helpful. They help people stay connected with old friends, and work. All major corporations use computers to invest, sell products, and store information. Computers are the ultimate way communicate. Obviously, computers are growing exponentially in popularity. The @LOCATION1 should put this to use. Imagine a more eco-friendly country where we don't have to cut down a million acres of @CAPS3 @CAPS4 rainforest every year. The benifits of computers are endless. Three of these are hand-eye coordination, knowledge and communication.","[{'A': 70.0, 'B': 20.0, 'C': 10.0, 'D': 0.0, 'F': 0.0}, {'A': 70.0, 'B': 25.0, 'C': 5.0, 'D': 0.0, 'F': 0.0}, {'A': 80.0, 'B': 15.0, 'C': 5.0, 'D': 0.0, 'F': 0.0}]","['A: 70\nB: 20\nC: 10\nD: 0\nF: 0', 'A: 70\nB: 25\nC: 5\nD: 0\nF: 0', 'A: 80\nB: 15\nC: 5\nD: 0\nF: 0']","[np.float64(nan), np.float64(nan), np.float64(nan)]","[np.float64(nan), np.float64(nan), np.float64(nan)]"
518,"Dear local newspaper, More and more people are using computers there days. Some people think computers are an improvements to society. Others are concerned that people spent too much time on computers and not enough time exercising and spending time with friends and family. I believe that computers can be a bad thing. I think this because some people spend to much time on them,, it's one of the leading causes of obesity, and it interfers with people social lifes. According to recent studys, about @NUM1 out of @NUM2 people spend most of their time on their computers. Many ot these people spend their time on online games and socializing websites such as facebook and myspace. Others spend it shopping or learning. Some of the online games include world of warcraft, rune scope, and many @CAPS1's @CAPS2 @CAPS3 @CAPS4 games. Many people who spend most of their time on the computer are or @MONTH1 became obese. According to @PERSON1, spending alot of time on computer is one of the main reasons for obesity. Many experts agree that computers are the learning cause of obesity. between @DATE1 and @DATE2 more people have been using their computers more often. The obesity rate has increased between then too. Most of the people who spend alot of time on the computer don't interact with their friend and family much. This can lead to ruined relationships, loss of friends and the chance of losing your love with family. Many experts, such as @PERSON2, say that a person can become depressed from not interacting with friends and family. He also says some of the people who became depressed start thinking of suicide. Spending too much time on the computer is a bad thing would you want to spend too much time on the computer even ater hearing the cons of it? I believe spending too much time on the computer is bad for everyone.","[{'A': 5.0, 'B': 30.0, 'C': 45.0, 'D': 15.0, 'F': 5.0}, {'A': 5.0, 'B': 25.0, 'C': 40.0, 'D': 25.0, 'F': 5.0}, {'A': 0.0, 'B': 10.0, 'C': 70.0, 'D': 20.0, 'F': 0.0}]","['A: 5\nB: 30\nC: 45\nD: 15\nF: 5', 'A: 5\nB: 25\nC: 40\nD: 25\nF: 5', 'A: 0\nB: 10\nC: 70\nD: 20\nF: 0']","[np.float64(-476.1627470860923), np.float64(-468.2892142331043), np.float64(nan)]","[np.float64(0.0), np.float64(5.051279650617811), np.float64(nan)]"
141,"Dear @PERSON3 of the @LOCATION1, I strongly believe that computers effect us in a positive way. Computers are advancing and so are their uses, computers are great and they are not our thought process or went to run around outside and play sports. Computers help us find and talk to relatives and friends they allow us to learn different things about farien places. They also are great for research! First and foremost computers are effecting us positively expesally when it comes to finding and talking to family and friends. My mom was adopted and @NUM1 years ago she really wanted to find her birth family, one year later her birth father found her on this website where you can locate family, she found her family and I now have two more @CAPS1, @PERSON1 and @PERSON2, and a cousin @PERSON4. I love them all very much. I would not have of been able to get to know them if it wasnt for the computer, speaking of communication, I was working like a dog on this big science prodject I had. we weren't able to do it in person and it @CAPS3 impossible for one person to three way four people. So we emailed our ideas and thoughts and were able to get the project done. ""@CAPS2 are never enough hours in the day!"" @CAPS3 something that @CAPS3 commonly said. Over @PERCENT1 of adults complain that @CAPS2 @CAPS3 never enough time in day. That @CAPS3 a statistic from @ORGANIZATION1. The computer allows you to multi task so you can be on your business call and email your mother so she know that you didn't forget her birthday. In addition, computers help us understand other countries and learn about their culture and how they are doing. @CAPS2 are many people who don't have tvs and they get their news from the internet. Also for projects, in @NUM2 grade I had to learn about @CAPS4, the country in @LOCATION2. it would take countless hours to find research in books, you will find a lot of stuff you dont need, but on the computer it @CAPS3 fast and easy. If you need to know something you can just type it in and, boom! You have it where as if you were usinf a book you would still be looking for what you need. Time @CAPS3 something that we can't afford to waste expessaly in this economy. Furthermore, computers are great for all kinds of research and directions. People who think that people spend too much time on the computer, and exersizing are not always right. I don't know about you, @PERSON3, but I am constantly looking up different exersizes to get a flat stomach. Most of my friends do it with me. I also look up directions, finding routs on maps are enfuriating and take for ever. Go on the computer the maps are always updated and you can get easy and fast directions! I don't know about you but I love things fast and easy. Going back to research, what about for solving crimes? Identifying people with finger prints fast so no one can get hurt. In conclusion computers effect us in possitive ways, more and are a great help to society, from locating people, to communication, and all the way to finding valuable and life changing information. I hope that you and I see eye to eye in this matter, advancing computers are our friends not the enemy.","[{'A': 20.0, 'B': 50.0, 'C': 20.0, 'D': 10.0, 'F': 0.0}, {'A': 30.0, 'B': 40.0, 'C': 20.0, 'D': 10.0, 'F': 0.0}, {'A': 15.0, 'B': 60.0, 'C': 20.0, 'D': 5.0, 'F': 0.0}]","['A: 20\nB: 50\nC: 20\nD: 10\nF: 0', 'A: 30\nB: 40\nC: 20\nD: 10\nF: 0', 'A: 15\nB: 60\nC: 20\nD: 5\nF: 0']","[np.float64(nan), np.float64(nan), np.float64(nan)]","[np.float64(nan), np.float64(nan), np.float64(nan)]"
15578,"In ""The Mooring Mast,"" a historical article by Marcia Amidon Lüsted, it is made clear that there were at least three obstacles that the builders of the Empire State Building faced in an attempt to allow dirigibles to dock there. These issues were the building's pre-existing frame, fire safety, and nature itself. The plans for the Empire State Building had not intended a mooring mast to be dropped on the roof of the building. As a result, architects had to change their entire plan: ""The steel frame of the Empire State Building would have to be modified and strengthened to accommodate this new situation,"" (par. @NUM1). This was a significant difficulty. Also a concern for foreign dirigibles was that the gas the use made fire safety and issue: ""... the owners... realized how much worse that accident could have been if it had taken place above a densely populated area,"" (par. @NUM2). Getting around the fire hazard would be impossible. Finally, as stated in the article, nature was the mast's greatest obstacle. ""Even if the dirigible were tethered to the mooring mast, the back of the ship would swivel around and around the mooring mast,"" (par. @NUM3). The violent winds kept much from happening with the mast. With the three aforementioned obstacles, the fate of the Empire State Building's mooring mast was grim. It would never do what Al Smith had intended for it.","[{'A': 80.0, 'B': 15.0, 'C': 5.0, 'D': 0.0, 'F': 0.0}, {'A': 70.0, 'B': 20.0, 'C': 10.0, 'D': 0.0, 'F': 0.0}, {'A': 60.0, 'B': 30.0, 'C': 10.0, 'D': 0.0, 'F': 0.0}]","['A: 80\nB: 15\nC: 5\nD: 0\nF: 0', 'A: 70\nB: 20\nC: 10\nD: 0\nF: 0', 'A: 60\nB: 30\nC: 10\nD: 0\nF: 0']","[np.float64(nan), np.float64(nan), np.float64(nan)]","[np.float64(nan), np.float64(nan), np.float64(nan)]"
3871,"Are there universally evil books that no one should read? Are good and bad no longer matters of opinion for the readers themselves? The answer is no. Censorship is a terrible practice masquerading as a boon. The right to read certain books should not be left to a conservative few, because everyone has their own opinion about everything. There is always something we can potentially learn from books, and it's never right to take that away. Freedom of speech should certainly come into play here as well, allowing the authors' words to be heard without interference from those who would dictate what we read.     There is a reason libraries have many sections. They have to cater to the individual tastes of the masses, without regard to what other people find offensive. If one was to go through the library and burn every book they did not like, there would be scarcely anything left. Send in another person with different tastes, and then you have a completely empty library. It is far better to leave all the books alone so that everyone can find something to enjoy reading. Basically, there are bound to be people who have similar opinions to the author of just about anything, so allow the authors to share those opinions.     Then we have the knowledge portion of the issue. Offensive material to one person might be what another person wants or needs to read, whether for recreation or class. There is much to be learned in the way of psychology and human nature from almost any writing. Perhaps a restricted section would be in order if the problem would involve corruption of innocent minds, but a full censor would never be necessary.     Finally, there is an amendment in the @CAPS1 of @CAPS2 for preventing censorship. It is unconstitutional to restrict any form of expressive speech, whether it be books, movies, music, or magazines. And what is more restrictive to an author than to have their books banned? The greatest difference between our country and a totalitarian government is the simple freedom allowed in the @LOCATION1. If we start restricting that freedom, what are we then?     In short, censorship is a harmful practice that should never be used. People all have their own opinions, all media can be learned from, and our freedom should not be restricted. The practice of censorship is what should truly be banned from the shelves.","[{'A': 70.0, 'B': 25.0, 'C': 5.0, 'D': 0.0, 'F': 0.0}, {'A': 60.0, 'B': 30.0, 'C': 10.0, 'D': 0.0, 'F': 0.0}, {'A': 70.0, 'B': 25.0, 'C': 5.0, 'D': 0.0, 'F': 0.0}]","['A: 70\nB: 25\nC: 5\nD: 0\nF: 0', 'A: 60\nB: 30\nC: 10\nD: 0\nF: 0', 'A: 70\nB: 25\nC: 5\nD: 0\nF: 0']","[np.float64(nan), np.float64(nan), np.float64(nan)]","[np.float64(nan), np.float64(nan), np.float64(nan)]"
3588,If I was to right about to a news paper that are childing should not be looking at book and shoud be tacken off the shelf. The reson I say that is so are cirlden are not geting ideads from a book that is not aproprit for them. I thank that is the mane reson there are more girls geting pragnit at a young age. I thank if we were to tack off the notey book there would be less girls pragnet.     I realy thank it could work if we would tack all of the notey books off the shelf and mack it a law that you hade to be a sherton age to look at them. I would like to see a chang in the way we look at notey book. I thank you should be @NUM1 to look at books that are notey. It would be a good thang to try for a wiyel. I thank it woukd work because it would not been showin to are childer and they would not whant to have babys as a teenager.     This is the way I thank it should have been done in the farist place. We would not have so miny probloms in the frist place. The than is I thank thay not thak it well be to hard to race a chiled at a young age. If we would not have to see thans that we shouldent have seen.,"[{'A': 0.0, 'B': 0.0, 'C': 5.0, 'D': 45.0, 'F': 50.0}, {'A': 0.0, 'B': 0.0, 'C': 5.0, 'D': 40.0, 'F': 55.0}, {'A': 0.0, 'B': 0.0, 'C': 5.0, 'D': 25.0, 'F': 70.0}]","['A: 0\nB: 0\nC: 5\nD: 45\nF: 50', 'A: 0\nB: 0\nC: 5\nD: 40\nF: 55', 'A: 0\nB: 0\nC: 5\nD: 25\nF: 70']","[np.float64(nan), np.float64(nan), np.float64(nan)]","[np.float64(nan), np.float64(nan), np.float64(nan)]"
1537,"My opinion on computers is that I think it's a good idea for people to go on computers. I think this way because if you haven't seen someone for so many years then you got a chance to see that person or talk to that person through the computer. Computers are also good because if you have a project to do from school then you could get good information based on what project you have to do. I like to go on the computer to talk to my friends that I haven't seen a while you could also meet new people and make friends. If there wasn't computers then we would have to look through a lot of books for information, or go all the way to the bank to check your account balance, this is why I think computers are good ideas. On the computer you could see workouts to get fit we don't only have to go to the gym. My dad gose on the computer to talk to his sisters, or play games with other people arount the world. Another example I could use is my mom she talks to her family in @LOCATION1 and in other places too. If there wasn't computer's we couldn't our tests, we couldn't get information. I think computers are very good ideas, cause it's good when you got to pay your bills too. We could interact with friend and familys online too thats what a lot of tenns and aults do if there was a rainyday or if its snowing and we don't go the chance to see our friends or relitives. For some people they think it's not a good idea because some people get addicted to the computers, but there is so much that you could do that the computer won't get you board. Thats why I think that computers are a good idea and that they are very important.","[{'A': 0.0, 'B': 5.0, 'C': 70.0, 'D': 25.0, 'F': 0.0}, {'A': 5.0, 'B': 25.0, 'C': 50.0, 'D': 15.0, 'F': 5.0}, {'A': 0.0, 'B': 5.0, 'C': 40.0, 'D': 50.0, 'F': 5.0}]","['A: 0\nB: 5\nC: 70\nD: 25\nF: 0', 'A: 5\nB: 25\nC: 50\nD: 15\nF: 5', 'A: 0\nB: 5\nC: 40\nD: 50\nF: 5']","[np.float64(nan), np.float64(-480.11185411610575), np.float64(nan)]","[np.float64(nan), np.float64(378.1344675387888), np.float64(nan)]"
12573,"In this memoir the author created a mood of what it was like in his childhood home. Based on pharagraph @NUM1, cooking was a big part of the author's childhood life. The author describes a home filled with the smell of the kitchen and the ""passionate @CAPS1 music."" @CAPS2 a warm mood that makes you think of home, this pharagraph is the base of the authors childhood. The author lived in a neighborhood of immigrants that were friendly and always helped each other out. In pharagraph @NUM2, the author describes a mood of family, friendship and acceptance. Even though the people of the neighborhood weren't all the same, they except one another as equals during a time of racism and segregation. Coming to a different country and starting a new life can be extremly difficult. It is hard to get good jobs when you just immigrated and maybe don't have a ton of money. It is also hard to get used to climate change, and learning another language. This creates a mood of hardship and rough times. Throughout this memoir the author creates moods, whether good or bad, of the memories of his childhood.","[{'A': 0.0, 'B': 5.0, 'C': 45.0, 'D': 40.0, 'F': 10.0}, {'A': 0.0, 'B': 5.0, 'C': 45.0, 'D': 40.0, 'F': 10.0}, {'A': 0.0, 'B': 5.0, 'C': 25.0, 'D': 50.0, 'F': 20.0}]","['A: 0\nB: 5\nC: 45\nD: 40\nF: 10', 'A: 0\nB: 5\nC: 45\nD: 40\nF: 10', 'A: 0\nB: 5\nC: 25\nD: 50\nF: 20']","[np.float64(nan), np.float64(nan), np.float64(nan)]","[np.float64(nan), np.float64(nan), np.float64(nan)]"
1460,"I have relized that there as been a disagreement about computers the positive and negative effects on people. It seems to me, in my opinion that computers have more of a negative affect on people than positive. I believe tat people are spending too much time on the computer and not exercizing, they don't spend quality time with family & friends and need to get fresh air and enjoy nature. Although computers are a great piece of techology, many don't get outside to enjoy the nature & fresh air because their computers are inside their homes. This is not good because when you go outside, it helps skin health from the sunlight & lets in fresh air for your lungs. In addition, a walk outside to enjoy nature wouldn't hurt either. It can relieve stress & can be relaxing. Furthermore, it is obvious when people are on the computer, they usually block out what their friends & family are saying to them. People can lose track of time & be on the computer for hours. Instead you should use this time to be with your friends and family. Being with your family can make your bond between each other stronger and you can get along with each other better. Also, having a nice family time is a good way to help be with your family. @NUM1 out of @NUM2 experts say that eating a family dinner can help a child's grades & prevent them from using drugs or dropout of high school or college. Finally, kids are more obese than us because they don't get enough excersize. At least @PERCENT1 or more kids are obese from recent studies. Due to this; this can lead to bone & joint issues, heart diseaase, lung problems, diabetes and athsma. These issues above are serious health problems if not treated. If kids excercize instead of being on a computer all day, the number of obese kids will drop drastically. Excersize can help kids' self esteem, and get them back in shape. They can either play sports or even take a walk or run. There are many different things you can do to excersize and its fun for kids. Unquestionably, there is definitely more reasons why there is a negative affect on kids/adults due to computers for the reasons above and more. Computers prevent people from enjoying nature to get fresh air. Likewise, they also prevent families & friends to spend time with each other and lastly, it isnt allowing kids to excersice which can lead to obesity.","[{'A': 0.0, 'B': 10.0, 'C': 80.0, 'D': 10.0, 'F': 0.0}, {'A': 10.0, 'B': 50.0, 'C': 30.0, 'D': 10.0, 'F': 0.0}, {'A': 5.0, 'B': 40.0, 'C': 40.0, 'D': 10.0, 'F': 5.0}]","['A: 0\nB: 10\nC: 80\nD: 10\nF: 0', 'A: 10\nB: 50\nC: 30\nD: 10\nF: 0', 'A: 5\nB: 40\nC: 40\nD: 10\nF: 5']","[np.float64(nan), np.float64(nan), np.float64(-482.19280948873626)]","[np.float64(nan), np.float64(nan), np.float64(395.4120904376099)]"
19379,"It was a hot sizzling @DATE1 day I had descidid to ride my  dirt bike @CAPS1 I but on my helmet, boots, goggles, and gloves. I headed out the door and out to my dirt bike, started it and took off. Like a speeding bulit zoom I went up one of the ramp and I landid but I was going to fast around a corner and wam I fell off and the foot deg went into my leg. My dad came running picked me up and put me in the truck to go to the @CAPS2. When we arrived my dad had to check in after that we sat down. There was a lot of people there men women kids and babys. An hour passed and we were still siting there, then two more then finily they called my name. the nurse took my dad and I to a room and said the doctor will be in shortley. all right my dad replide. An hour passed no doctor. We were starting to get bord @CAPS1 my dad turned on the tv. Then finily to three hours after we got in the room the doctor came in by now it was @NUM1 pm and we were exostid. The doctor took me to get xrayed when we got back the doctor said I had brused my bone and gave me crushes and said to stay off of it for a week. When we got home I laxed on the couch and went right to sleep. That was the time when I was patient for six hours in the @CAPS2.","[{'A': 0.0, 'B': 0.0, 'C': 5.0, 'D': 45.0, 'F': 50.0}, {'A': 0.0, 'B': 0.0, 'C': 5.0, 'D': 45.0, 'F': 50.0}, {'A': 0.0, 'B': 0.0, 'C': 5.0, 'D': 45.0, 'F': 50.0}]","['A: 0\nB: 0\nC: 5\nD: 45\nF: 50', 'A: 0\nB: 0\nC: 5\nD: 45\nF: 50', 'A: 0\nB: 0\nC: 5\nD: 45\nF: 50']","[np.float64(nan), np.float64(nan), np.float64(nan)]","[np.float64(nan), np.float64(nan), np.float64(nan)]"
16284,"Allowing the dirigibles to dock at the Empire State Building took some obstacles. First, there was a lack of suitable landing area in New York City. To solve this, Al Smith added a mooring mast to the top of the Empire State Building. This would allow the dirigibles to anchor there for several hours for refueling, service, and to let passengers off and on.Another obstacle for allowing dirigibles to dock at the Empire State Building was the stress being added to the building's frame because of a one thousand-foot dirigible moored at the top of a building held by a single cable tether. To accommodate the situation, the steel frame of the Empire State building would have to be strengthened and modified. Over Sixty thousand dollars' worth of modifications had to be made to the building's framework. The final and greatest obstacle for successful use of the mooring mast was nature. The winds at the top of the building were constantly shifting due to violent air currents. Lead weights would be used to weight down dirigibles landed in open fields. But losing the lead weights at the Empire State building where they would be dangling high above pedestrians on the street was not very safe at all.","[{'A': 5.0, 'B': 40.0, 'C': 40.0, 'D': 10.0, 'F': 5.0}, {'A': 10.0, 'B': 60.0, 'C': 20.0, 'D': 10.0, 'F': 0.0}, {'A': 10.0, 'B': 60.0, 'C': 20.0, 'D': 10.0, 'F': 0.0}]","['A: 5\nB: 40\nC: 40\nD: 10\nF: 5', 'A: 10\nB: 60\nC: 20\nD: 10\nF: 0', 'A: 10\nB: 60\nC: 20\nD: 10\nF: 0']","[np.float64(-482.19280948873626), np.float64(nan), np.float64(nan)]","[np.float64(0.0), np.float64(nan), np.float64(nan)]"
323,"Dear @CAPS1, I feel as though computers have good effects on people. Throughout these next paragraphs I will be giving you all of my reasons on the things that computers help people do. I will be talking about how computers give people good typing skills, how they give information to people, and how they allow us to socialize. Over ninety four percent of people today own a computer ad feel as though they have learned many things from it. I bet you didn't know that! First off I will be telling you about how computers help people type. The @CAPS2 on a computer doesn't go alphabetically. This means that you have to practice more to get better in typing. I remember the first time I tried to use the @CAPS2 it difficult but as I tried more I got better. Once I got better I realize where the keys were and soon I don't even have to look up the computer and all of it's parts help people by teaching them skills that they @MONTH1 used in the. These skills @MONTH1 be needed in their job field. Computers are helpful device. The next thing I will be telling you about is how computers have information that is useful to and its where a child is working know a lot about the. It holds information and has website when the internet they. The computer. My final reason why computers have good effect. If you need to talk to a friend but dont feel like calling them you can just go on to a website and chat with them. There are so many that you just can't choose! Did you know what they are over one million of these kinds of websites? There is @CAPS3 @CAPS4 just to name a few. This also gives people the chance to socialize with people from all over the world. This in return causes people to have better social skills. Maybe they will become ore friendly and become more outgoing. This is all because of one little thing and that little things is the computer! So as you can see computers have many wonderful effects on people. They help people get better at typing give lots of information that people want to know and get better social skill cant you just learning and I dont know about not I can get a pretty clear image of that in my mind. Thanks for reading this and taking I say information.","[{'A': 0.0, 'B': 5.0, 'C': 25.0, 'D': 50.0, 'F': 20.0}, {'A': 0.0, 'B': 5.0, 'C': 15.0, 'D': 50.0, 'F': 30.0}, {'A': 0.0, 'B': 5.0, 'C': 15.0, 'D': 50.0, 'F': 30.0}]","['A: 0\nB: 5\nC: 25\nD: 50\nF: 20', 'A: 0\nB: 5\nC: 15\nD: 50\nF: 30', 'A: 0\nB: 5\nC: 15\nD: 50\nF: 30']","[np.float64(nan), np.float64(nan), np.float64(nan)]","[np.float64(nan), np.float64(nan), np.float64(nan)]"
3515,"My views on cencorship @MONTH1 not  be what others believe. With a good understanding of what the majority of people would call innapropriate, evaluating what books should be placed on the shelfs is easier. Although many people @MONTH1 think that a certain book is appropriate, others @MONTH1 disagree. That's why creating a rating system would be best.     With a rating system of books, movies, magazines, and other materials in a library, parents would have a better understanding of what they want their child to read or watch. If there is vulgar language inside of the book, it could be labeled with a rating and an explanation of why the book is rated the way it is. That way, if there are complaints of the item, the library would not be blamed.      I personally don't think that getting rid of materials because of others' complaints should occur. I believe that the books could be kept, but labeled or even placed on a different section of shelves to reference that they @MONTH1 be more innapropriate than the normal. What happens when a college student needs a book that is mandatory for his class and the book is banned because of 'innapropriate usage'? There is no way of making everyone completely satisfied, but with this system a lot of issues would be resolved.     My views on cencorship @MONTH1 not be what others believe, but taking away perfectly written books is not right. Disagreement isn't the easiest thing, but just because it's hard doesn't mean you have to give up. The rating system would decrease the complications and help others to be more free with their decisions","[{'A': 10.0, 'B': 50.0, 'C': 30.0, 'D': 10.0, 'F': 0.0}, {'A': 5.0, 'B': 40.0, 'C': 40.0, 'D': 15.0, 'F': 0.0}, {'A': 0.0, 'B': 50.0, 'C': 40.0, 'D': 10.0, 'F': 0.0}]","['A: 10\nB: 50\nC: 30\nD: 10\nF: 0', 'A: 5\nB: 40\nC: 40\nD: 15\nF: 0', 'A: 0\nB: 50\nC: 40\nD: 10\nF: 0']","[np.float64(nan), np.float64(nan), np.float64(nan)]","[np.float64(nan), np.float64(nan), np.float64(nan)]"
3528,"Do you think having inappropriate or offensive books, magazines, movies or music should be found in a public library? Some books could be very offensive to people and when they take their children or younger siblings to the library, they don't want them looking at that. Others prefer looking at it which would anger them if they were taken away. Not all parents find some of the things in libraries offensive, even if they @MONTH1 be. Having music, magazines, movies or books that aren't appropriate for children should just be put into a different section, not taken away from those who enjoy it.      Even though having children look at something they shouldn't could be bad, it's also bad and unfair to those who only come to the library to view those things. It shouldn't be taken away from them.  If parents don't want their children seeing those things, the shouldn't take them to that section. Some adults don't enjoy seeing it, which can be understandable. No matter what, someone wouldn't be very happy about the decision.      In libraries, there is usually an adult section and kids section. If an adult doesn't want their child seeing something, they could simply take them to children's section where it won't be seen. In the children's section it's hard to find things that would be considered 'offensive' to adults. For the adults or teenagers who enjoy viewing these things, they could be in a section far away from the children. Taking things that people like away from someone is wrong and it would be mean to take that away from those who enjoy it.      Recently, the world has been turning into something it shouldn't. Some of the most disgusting and cruel things happen every day and you could probably find this news in a library. It's understandable if you wouldn't want your child around that, but I it's wrong to take away those things from the people that love that stuff. For example, scary movies could be very disturbing and too violent for a young child but they could be an adults favorite thing to watch. Thats why, if you put the more offensive things in a different section, the kids wouldn't notice it was even there.      If children were put into a different section, they wouldn't even notice the offensive things adults find. Taking away the things some adults @MONTH1 find offensive is like taking away the children's section, unfair. It wouldn't be fair to take away something that some adults or teenagers only come to the library for. Not all adults would understand both sides but I can see where both sides are coming from. If I had children I wouldn't want them seeinig things that are offensive, but I would keep them away from it instead of promoting against it. Having music, magazines movies or books that aren't appropriate for children should just be put into a different section, not taken away from those who enjoy it","[{'A': 0.0, 'B': 10.0, 'C': 50.0, 'D': 40.0, 'F': 0.0}, {'A': 5.0, 'B': 15.0, 'C': 40.0, 'D': 30.0, 'F': 10.0}, {'A': 0.0, 'B': 10.0, 'C': 60.0, 'D': 30.0, 'F': 0.0}]","['A: 0\nB: 10\nC: 50\nD: 40\nF: 0', 'A: 5\nB: 15\nC: 40\nD: 30\nF: 10', 'A: 0\nB: 10\nC: 60\nD: 30\nF: 0']","[np.float64(nan), np.float64(-463.51612202118827), np.float64(nan)]","[np.float64(nan), np.float64(526.5643243933723), np.float64(nan)]"
815,"Dear Newspaper, Computers today have a negative effect on people. The valuable time of getting daily exercise is reduced, you will not see your family enough and some of the costs are outrageous! Owning a computer is surely not a good idea. is sitting around all day your idea of a workout? Having a computer would be very bad for your physical lifestyle. Clicking a mouse & typing away are only moving your hands, not your whole body. An individual who doesn't use the computer daily, or f or large amounts of time would be healthier than someone who always uses the computer. I remember seeing a commercial about @NUM1 children & how their lives eneded up later on in life just by their computer usage as a ""tween."" Not only will you be unhealthy but anti-socialism is probable too. Many kids, or even adults, spend precious family time playing the sims @NUM2 creating their own ideal family. This however, is not acceptable. Spending time with your family is something precious. When asked about computer usage, @PERSON1 said, ""you could easily became addicted with just @NUM2 turns!"" @CAPS1 you are addicted, both your family & you suffer. They will stop inviting you places. You wouldn't want to loose the people who are going to be ther for you, on another what. ""@CAPS2!"" shouts your computer. You have another virus. uh oh, it's deleting your hardware: all your scholastic essays, important book-marked websites & sentimental photographs. Do you have any idea how much it would cost to even try to retrieve this data? Well, it'd be alot. I know youre probably thinking, ""This couldn't happen to me,"" but in reality; yes it can storing things on a computer is much riskier than having a hard copy. It will also save you more money. Furthermore, appliances use electricity @CAPS1 they're even plugged into an outlet! So when you get your electric bill, don't be surprised, computers can be very costly which, is why it's not worth it to have one. Computers are just another unnecessary thing in life. It will take away from your over-all health, reduce family time, & cost you same big bucks. It is a fact that you can survive without a computer. But without hjealth? Well, you'd be dead. I you to consider my ideas.","[{'A': 5.0, 'B': 30.0, 'C': 40.0, 'D': 20.0, 'F': 5.0}, {'A': 5.0, 'B': 30.0, 'C': 50.0, 'D': 10.0, 'F': 5.0}, {'A': 5.0, 'B': 30.0, 'C': 45.0, 'D': 15.0, 'F': 5.0}]","['A: 5\nB: 30\nC: 40\nD: 20\nF: 5', 'A: 5\nB: 30\nC: 50\nD: 10\nF: 5', 'A: 5\nB: 30\nC: 45\nD: 15\nF: 5']","[np.float64(-469.74168451037093), np.float64(-485.83808925473903), np.float64(-476.1627470860923)]","[np.float64(0.0), np.float64(6.096404744368119), np.float64(1.4210625757213995)]"
15509,"There were many obstacles that the builders of the Empire State Building faced in attempting to allow dirigibles to dock on the mast. One obstacle they faced was nature itself. It says in the exerpt that ""the winds on top of the building were constantly shifting due to violent air currents. Even if the dirigible were tethered to the mooring mast, the back of the ship would swivel around."" This could have led to major accidents if the dirigibles were allowed to dock here. Another obstacle they faced was that these dirigibles could not fly to low over urban cities. It says in the excerpt that ""these was an existing law against airships flying too low over urban areas. This law would make it illegal for a ship to ever tie up to the building or even approach the area."" But before the idea was even dropped, two dirigibles attempted to reach the building. The first one could not reach the building because of forceful winds. The second airship attempted a stunt to drop off a bundle of news papers. They didn't have the right equipment so they had to have a worker catch the bundle of papers that were attached by a rope. These obstacles were very important to be construction of the mast because it's probably saved the lifes not only the aviators but the people that lived in urban cities below.","[{'A': 0.0, 'B': 10.0, 'C': 80.0, 'D': 10.0, 'F': 0.0}, {'A': 0.0, 'B': 10.0, 'C': 80.0, 'D': 10.0, 'F': 0.0}, {'A': 0.0, 'B': 10.0, 'C': 80.0, 'D': 10.0, 'F': 0.0}]","['A: 0\nB: 10\nC: 80\nD: 10\nF: 0', 'A: 0\nB: 10\nC: 80\nD: 10\nF: 0', 'A: 0\nB: 10\nC: 80\nD: 10\nF: 0']","[np.float64(nan), np.float64(nan), np.float64(nan)]","[np.float64(nan), np.float64(nan), np.float64(nan)]"
3476,"Dear newspaper,     In my opinion I don't think that censorship in libraries should be on materials, such as books, music, movies, magazines and more materials. Censoring materials in the library could resolve in many problems. I don't agree with the censorship in libraries on materials for many reasons. In my upcoming paragraphs, I will explain why I diagree with libraries having censorship on a lot of their materials.     Many libraries in the world @MONTH1 have censoring on their materials. I believe that libraries have alot of censoring on most of their materials due to the fact that they @MONTH1 have children under the age of eighteen constantly viewing a lot of explicent content. Libraries shouldn't censor their materials but in my opinion they also shouldn't let under age children check out any kind of material that is only ment to be viewed by adults. Also if computer access is offered to children, an adult superior visor should be near by to make sure that no explicent content is being viewed.     Censoring in libraries could resolve in many problems, such as, customers not getting all the information they need for a centain material, children not reading up to their abilities or standards, and also children not learning enough or getting information that they need for school. If all of these things happen prior to the fact that libraries have censors on their materials then many libraries will not get as any customers. Yes, most people @MONTH1 visit libraries for the wrong reasons but to other people, those wrong reasons @MONTH1 be the reason for them to gain more information.     Materials in a library could also be found offensive to most people. But what's found offensive to most people could be found useful to other people. If something is found offensive to one person I don't think it should be removed from the shelves. If books and or materials are removed from the shelves, that can hide so much useful information that people could gain.      In conclusion, I don't think censorship should be put on materials in libraries due to the fact that many information could be lost. Censorship doesn't always mean that the material is bad, it can also mean that the material is just not appropreite to be viewed or read by that certain age group. If a library that I visit has censoring on most of their materials, I would convince the library staff to take the censoring off. Censoring is not always bad and it's not always good either but it can hide alot of information from us which is not good at all.","[{'A': 5.0, 'B': 30.0, 'C': 50.0, 'D': 15.0, 'F': 0.0}, {'A': 0.0, 'B': 5.0, 'C': 70.0, 'D': 25.0, 'F': 0.0}, {'A': 0.0, 'B': 10.0, 'C': 70.0, 'D': 20.0, 'F': 0.0}]","['A: 5\nB: 30\nC: 50\nD: 15\nF: 0', 'A: 0\nB: 5\nC: 70\nD: 25\nF: 0', 'A: 0\nB: 10\nC: 70\nD: 20\nF: 0']","[np.float64(nan), np.float64(nan), np.float64(nan)]","[np.float64(nan), np.float64(nan), np.float64(nan)]"
7428,"The setting of the cyclist clearly influences his mood. From the beginning to end, the outside world reflects the tormils in his head. This is evident in the beginning reservoir, empty desert, hills the Welch factory, & finally the fish camp. The reservoir is a heven, @NUM1 safe ground that contains everything the men needs. He is feeling optimistic, ready & eager to follow advice of old men. He first hits a ghost town, which is foreshadowing a dangerous future. He passes through still with a level head. He comes to a water pump that gives him battery acid. This is wher the mood shifts. He suddenly describes his setting as the high deserts of California. The sun is boiling down & water is running low. His hopes start to drop. When the flat road was replaced by short, rolling hills, it reflects the turmoil in his head. The terrain is harder the chances of his survival lessons. When he crosses a snake, it suggest even more despair. It finally climaxes at the Welch factory. How ironic, it is an abandoned juice factory. This is lost hope. When he finally arrives at the fish camp, he is relieved to be alive & is uplifted. The cyclist has made it. It is clear the setting has affected the cyclist.","[{'A': 0.0, 'B': 10.0, 'C': 50.0, 'D': 40.0, 'F': 0.0}, {'A': 5.0, 'B': 20.0, 'C': 50.0, 'D': 20.0, 'F': 5.0}, {'A': 5.0, 'B': 20.0, 'C': 50.0, 'D': 20.0, 'F': 5.0}]","['A: 0\nB: 10\nC: 50\nD: 40\nF: 0', 'A: 5\nB: 20\nC: 50\nD: 20\nF: 5', 'A: 5\nB: 20\nC: 50\nD: 20\nF: 5']","[np.float64(nan), np.float64(-478.2892142331043), np.float64(-478.2892142331043)]","[np.float64(nan), np.float64(355.4120904376099), np.float64(355.4120904376099)]"
4253,"the author ketherine paterson is like letting you know like life is going to dont be behain go forword and grab the book from the shelf fot you and for your children because most of the book are gone because other people got them. i would go to the library and grab the book from the shelf for me and my kids. mom can grad some good books for the kids like a book that have the parts of the body grammer so they can start learning something rite no that they are lilttle and they will ganna star to make sentences.in @DATE1 in warsaw school the principal decide to remove everything from the library because people didnt go and check out books,music,movies,megazines, etc he decide to remove them because people didnt check out nathing and most of the people put everything in obserbation but my question is why people didnt check out something for their kids so they can start to read to learn something from their moms school. in my  opinion if i would the principal of the school i wouldnt take of the books nathing about the library i would live everything so they can grab the books from the shelf and check them out so the kids start to lear how to read they ganna learn something special from their mom.","[{'A': 0.0, 'B': 0.0, 'C': 5.0, 'D': 25.0, 'F': 70.0}, {'A': 0.0, 'B': 0.0, 'C': 5.0, 'D': 25.0, 'F': 70.0}, {'A': 0.0, 'B': 0.0, 'C': 5.0, 'D': 25.0, 'F': 70.0}]","['A: 0\nB: 0\nC: 5\nD: 25\nF: 70', 'A: 0\nB: 0\nC: 5\nD: 25\nF: 70', 'A: 0\nB: 0\nC: 5\nD: 25\nF: 70']","[np.float64(nan), np.float64(nan), np.float64(nan)]","[np.float64(nan), np.float64(nan), np.float64(nan)]"
4007,"Books now an days have action, romases, and, etc. So that's why the books that are not moving off the shelf is because they don't have what other books have. So they just sit there well most of the other books that are getting off the shelf are the happy @CAPS1, The @CAPS2 side, The @CAPS3,and all of the vampor books. It's because they have action, love, and etc.     The books that are on and off the shelf. Are maybe really good books. Some books don't ever leave the shelf it's probably because they are not. Really that great the reason for it is because the books that are on the shelf is. Because the book is  boring, or a old school book, they really don't have what the raeder is looking for. However the books that are really getting readers happy are the books that are from the movies like the @CAPS2 side. That book has gotten sold faster than the movies.     The reason why readers like the books more than the movies is because. The books from the movies like the @CAPS2 side. Is bacuse the author gives more informotion on the movie. I heard that, that book is nothing like the movie the book is so much better than the movie because the book gives more informotion on the movie. So their for poeple really like books that from a movie.     They are more reasons why poeple like books now and days. You don't have to go to a book store anymore the books are now on your iphone, ipod, itouch,ipad and a nook,etc. So now you dont have to go to a book store anymore. You can get it on you iphone and other stuff poeple are raelly happy that they dont have too get up in the morning or when ever they get they books. They can however now just get them on the go.     So that is why books are now on the shelfs for good. Because you can get it on the go. But I believe that poeple whom ever like the feel of book. Should try and  just go out and get a iphone or nook something thaat saves you time while you are on your way to work or school","[{'A': 0.0, 'B': 5.0, 'C': 15.0, 'D': 50.0, 'F': 30.0}, {'A': 0.0, 'B': 0.0, 'C': 5.0, 'D': 35.0, 'F': 60.0}, {'A': 0.0, 'B': 0.0, 'C': 5.0, 'D': 45.0, 'F': 50.0}]","['A: 0\nB: 5\nC: 15\nD: 50\nF: 30', 'A: 0\nB: 0\nC: 5\nD: 35\nF: 60', 'A: 0\nB: 0\nC: 5\nD: 45\nF: 50']","[np.float64(nan), np.float64(nan), np.float64(nan)]","[np.float64(nan), np.float64(nan), np.float64(nan)]"
4233,"All terms of offense are based on an opinion. If one person finds a particular word offensive, doesn't mean the next guy will feel the same way. Some parents aren't as strict on there kids as others, and some just dont care.      Of course there's always that gangster rap that talks about drugs and women being objectified that kids really dont need to belistening to. The horror movies that are rater ''@CAPS1' for a reason, they could have nightmare for weeks. Children's mental states aren't fully developed at a young age like ten. They still cant tell whats real and whats not. They need a trusted adult to rely on to tell them how to feel, to act, to do, even to think. Children just are't mature enough to handle a mojority of material in this world. No books should be taken away or hiddne fvrom society, it should just be given to you at your own disgression. Another possiblility would be have a group of many people gather and vote on age restrictions for particualr material. All information is helpful, just not all is necessary.     These days its hard to hide all harmful material from children, even some teenagers. This wolrd is becoming less and less sensitive everyday. Eventually everyone will be completly insensitive to all 'harmful' movies, books ,amgazines, @CAPS2 shows, and music. It wont even phase anyone anymore.","[{'A': 0.0, 'B': 10.0, 'C': 40.0, 'D': 40.0, 'F': 10.0}, {'A': 0.0, 'B': 10.0, 'C': 50.0, 'D': 30.0, 'F': 10.0}, {'A': 0.0, 'B': 10.0, 'C': 40.0, 'D': 40.0, 'F': 10.0}]","['A: 0\nB: 10\nC: 40\nD: 40\nF: 10', 'A: 0\nB: 10\nC: 50\nD: 30\nF: 10', 'A: 0\nB: 10\nC: 40\nD: 40\nF: 10']","[np.float64(nan), np.float64(nan), np.float64(nan)]","[np.float64(nan), np.float64(nan), np.float64(nan)]"
15655,"The builders of the Empire State building face many obstacles in attempting to allow dirigibles to dock there. One obstacle was overcoming the extra stress that a dock dirigible would add. In the excerpt The Mooring Mast author Marcia Amidon Lüsted states ""the stress of the dirigibles load and the wind pressure would have to be transmitted all the way to the buildings foundation..."" Another obstacle the builders faced was the violent weather at the top of the building. Lüsted says ""Even if the dirigibles was tethered to the mooring mast, the back of the ship would swivel around and break the mooring mast."" This was a problem because it would make it unsafe for passengers to exit the dirigibles and walk down a gangplank connected to the Empire State building. The wind also made it difficult for a dirigible to navigate to the mooring mast without being blown into other buildings in the area. One of the greatest obstacles was making the mooring mast safe. Lünden states ""most dirigibles from outside the U.S use hydrogn rather than helium, and hydrogen is highly flammable."" If a dirigibles were to catch fire over a heavily populated area like New York the casualties would be numerous. These were some of the many obstacles builders faced when attempting to construct a mooring mast on the Empire State Building.","[{'A': 5.0, 'B': 40.0, 'C': 40.0, 'D': 10.0, 'F': 5.0}, {'A': 5.0, 'B': 40.0, 'C': 40.0, 'D': 10.0, 'F': 5.0}, {'A': 0.0, 'B': 10.0, 'C': 80.0, 'D': 10.0, 'F': 0.0}]","['A: 5\nB: 40\nC: 40\nD: 10\nF: 5', 'A: 5\nB: 40\nC: 40\nD: 10\nF: 5', 'A: 0\nB: 10\nC: 80\nD: 10\nF: 0']","[np.float64(-482.19280948873626), np.float64(-482.19280948873626), np.float64(nan)]","[np.float64(0.0), np.float64(0.0), np.float64(nan)]"
6563,"The features of the setting have a big impact on the cyclist. One feature is the hot weather and area he is in. He says he is in the high desserts of California in June. @CAPS1 being hot in @CAPS2, it has cyclist is around deserts, causing more heat. I could drop from a heatstroke, he says. Being hot from the sun beating down on him took away the cyclists energy he needs for riding his bike. Another feature that affected the cyclist was his lack of water. Trying to keep my balance in my dehydrated state. This affected the cyclist by making him tired. Being tired from no water, the cyclist had trouble going up hills on his bike. The last feature that affected the cyclist was all of the hills in his road. Flat road was replaced by short, rolling hills. These hills made it hard to go up on a bike, considering his lack of water, and the heat. All of these features affect the cyclist by making him lose energy and get tired and frustarated because of their negative impact.","[{'A': 0.0, 'B': 15.0, 'C': 70.0, 'D': 15.0, 'F': 0.0}, {'A': 0.0, 'B': 10.0, 'C': 70.0, 'D': 20.0, 'F': 0.0}, {'A': 0.0, 'B': 10.0, 'C': 70.0, 'D': 20.0, 'F': 0.0}]","['A: 0\nB: 15\nC: 70\nD: 15\nF: 0', 'A: 0\nB: 10\nC: 70\nD: 20\nF: 0', 'A: 0\nB: 10\nC: 70\nD: 20\nF: 0']","[np.float64(nan), np.float64(nan), np.float64(nan)]","[np.float64(nan), np.float64(nan), np.float64(nan)]"
3873,"Censorship in @ORGANIZATION1 has been around for as long as their has been the various mediums of art. In many cases the censorship @CAPS9 of what many would agree as not suitable material for anyone to create and enjoy. But then in other more serious issues that the censor has deemed not suitable for a certain audience, or even to a whole country. What @CAPS9 it that gives a select few the right to ban any given number of imaginative creations, even if they are in some aspects more lued in nature?     Censorship has and @CAPS9 still a very usefull tool that many governments employ to accomplish a wide variety of tasks, considered to ensure the 'safety' of both our minds and bodies. Some of the more widely know cases of this most despicable tactic of control come from the countries of @CAPS1 @CAPS2 @LOCATION3, @LOCATION4R, @CAPS3 @LOCATION5, and @LOCATION2. In these countries all materials that are deemed potentially hazardous to the wellfare of the @ORGANIZATION2 are heavily policed and in many cases destroyed. The most noteworthy instances of this occured in @LOCATION3, where the @CAPS4 would gather up large amounts of books from the people and burn them in massive rallies. The people were so enthralled by the @CAPS5 leadership that they would often times freely relenquish their books with no resistance, and in some cases join in and throw the books in themselves. The same thing @CAPS9 still occuring in @LOCATION5 today, wtih a censor still on their internet surfing possibilities. In @DATE1 the popular search engine @ORGANIZATION3 attempted to set up shop in the country, but quickly entered into dispute with the @ORGANIZATION2 about the censoring of certain materials. Some months after the argument began over the censoring of @LOCATION5's people, the company completely removed all bans for a short time, much to the dismay of the @ORGANIZATION2. During that time it @CAPS9 reported that some of the main search topics were that of many social reformers and of different religions than that of the @ORGANIZATION2's sanctioned religion. But the one country that takes the cake for having the most censorship @CAPS9 @LOCATION2, they're @ORGANIZATION2 has restricted and policed any technology in the country. The common people live in a so called '@CAPS6 @CAPS7 @CAPS8'.     In our home country of the @LOCATION1 we are promised many rights to protect our freedom as citizens. We are promised the freedom of speech as well as press, and in censoring our libraries they would restrict both. If we do not stand up and protect our rights, then who will? Are we not a @ORGANIZATION2 for the people, by the people? Why are we allowing the censorship of our own intellectual creations in a place that was created to provide access to said materials for those who are less fortunate, so they themselves can gain knowledge and understanding. If we as a people were to allow such a blatent restriction on our given freedoms, then we are in no position to have them in the first place. Our country was founded and later almost torn apart by the men and women who were willing to risk it all in order to protect their freedoms in this country. Are we descendants of those same people? If so why should we allow ourselves to squander what was hard fought for and earned by our forefathers.     The censor often poses a few questions that do cause one to wonder '@CAPS9 it really better off this way?'. They point out that for every great work of intellegent art, other of a more deviant nature create some more innapropriate pieces of 'art'. Pornography @CAPS9 the most prevalent of their examples, pointing out that if they did not restrict it, then who would stop the hundreds of children that not only roam the libraries bookshelves but also the provided internet services. It @CAPS9 a reasonable question, once that should be take into consideration, but in answer to it I believe that it @CAPS9 and will always be the job of the parent or guardian that bring the child with them. It @CAPS9 simply not enough to drop a child off at the local library and hope they find something interesting. Helping that child find what they want @CAPS9 a journey that should be taken by both the parent and the child. And what about those who believe the censor isn't always right about what @CAPS9 and what @CAPS9 not acceptable for the general @ORGANIZATION1? As author Katherine Paterson once said 'All of us can think of a book that we hope none or any other children have taken off the shelf. But if I have the right to remove that book from the shelf-- that work I abhor -- then you also have exactly the same right and so does everyone else. And then we have no books left on the shelf for any of us.'     Censorship has been around for a very long time, and will most likely never be fully cut out of any functioning @ORGANIZATION2. That @CAPS9 sadly an inevibility that cannot be avoided. But the amount that it occurs in your daily life will be directly affected by how much of your freedom you are willing to stand up for.","[{'A': 0.0, 'B': 5.0, 'C': 30.0, 'D': 50.0, 'F': 15.0}, {'A': 5.0, 'B': 15.0, 'C': 40.0, 'D': 30.0, 'F': 10.0}, {'A': 5.0, 'B': 15.0, 'C': 40.0, 'D': 30.0, 'F': 10.0}]","['A: 0\nB: 5\nC: 30\nD: 50\nF: 15', 'A: 5\nB: 15\nC: 40\nD: 30\nF: 10', 'A: 5\nB: 15\nC: 40\nD: 30\nF: 10']","[np.float64(nan), np.float64(-463.51612202118827), np.float64(-463.51612202118827)]","[np.float64(nan), np.float64(190.12338986857827), np.float64(190.12338986857827)]"
13566,"In the memoir Narciso Rodriguez From Home: The blueprints of our lives the author sets a sad mood in this memoir. An example of the sad mood set the author describes his neighborhood. The author describes his neighbor hood by saying ""our neighborhood was made up of mostly Spanish, cuban and Italian immigrants."" (@NUM1) This show they live in a run down neighborhood because most immigrants are poor when they arrived at the @LOCATION1 @CAPS1 example is when he describes his family. The author say's ""There was often someone staying with us temporarly until they were able to get back on their feet"". (@NUM2) This shows the poverty that they lived around because they had to put shelter around those who couldn't aford it. The last way the author describes the sacrifice of his parents, The author say's ""The Faith that this would lead them and their children to better times drove them to endure these hard times"". (@NUM3) This is a sad mood because it shows how their @CAPS2 back fired and they didn't have a very happy time. That is why I think the tone of this memoir is a sad one.","[{'A': 0.0, 'B': 0.0, 'C': 5.0, 'D': 80.0, 'F': 15.0}, {'A': 0.0, 'B': 0.0, 'C': 5.0, 'D': 70.0, 'F': 25.0}, {'A': 0.0, 'B': 0.0, 'C': 5.0, 'D': 40.0, 'F': 55.0}]","['A: 0\nB: 0\nC: 5\nD: 80\nF: 15', 'A: 0\nB: 0\nC: 5\nD: 70\nF: 25', 'A: 0\nB: 0\nC: 5\nD: 40\nF: 55']","[np.float64(nan), np.float64(nan), np.float64(nan)]","[np.float64(nan), np.float64(nan), np.float64(nan)]"
6786,"The features of this particular setting affected the cyclist in many different ways. Upon arriving at the ghost town early in his journey, he felt slight amusement at the situation. But he soon became very troubled when he became aware of the several rusty pumps and a weak corral, next to a ramshackle shed. The cyclist additionally experienced a bit of irony as he approached the 55 mph speed limit sign complete with a warning to strictly obey it. On his bicycle, at a pace of 12 mph, he could not even reach the 55 mph speed if he had wanted to. Before he reached what appeared to be an abandoned welchs Grape Juice factory, the cyclist felt this twisted amusement yet again, as he laughed. The text states, It was a sad hopeless laugh, mind you, but at least I still had the energy to feel sorry for myself. @CAPS1, his suffering was through when he discovered a fish camp, with a modern bathroom and working sinks. The cyclists relief was so immense that he, had an overwhelming urge to seek out Gary and Wilber (the owners), (and) kiss them.","[{'A': 5.0, 'B': 40.0, 'C': 50.0, 'D': 5.0, 'F': 0.0}, {'A': 10.0, 'B': 60.0, 'C': 20.0, 'D': 10.0, 'F': 0.0}, {'A': 5.0, 'B': 40.0, 'C': 50.0, 'D': 5.0, 'F': 0.0}]","['A: 5\nB: 40\nC: 50\nD: 5\nF: 0', 'A: 10\nB: 60\nC: 20\nD: 10\nF: 0', 'A: 5\nB: 40\nC: 50\nD: 5\nF: 0']","[np.float64(nan), np.float64(nan), np.float64(nan)]","[np.float64(nan), np.float64(nan), np.float64(nan)]"
7606,"In Rough Road Ahead by Joe Kurmaskie, the features of the setting affect the cyclist negatively. The story takes place in June in California. This is a very hot time of the year in such a desert location. The heat adds to the speed at which the cyclist becomes dehydrated, as well as his inability to think as coheratly as he could had he not been in a desert in June. The cyclist is also travelling through desolate, an inhabited land. The author says, There was no one in sight, not a building car, or structure of any kind. This emphasizes the characters total lack of resources. There is nowhere within sight that he can turn to for help, water, food or shelter. The road was also rough, plagued with many rolling, crippling hills. Such terrain is much harder to manuver, especially in such a are state of despair. The setting of the story, ""Rough Road Ahead"" greatly impacts the cyclist.","[{'A': 15.0, 'B': 60.0, 'C': 20.0, 'D': 5.0, 'F': 0.0}, {'A': 5.0, 'B': 40.0, 'C': 50.0, 'D': 5.0, 'F': 0.0}, {'A': 25.0, 'B': 50.0, 'C': 20.0, 'D': 5.0, 'F': 0.0}]","['A: 15\nB: 60\nC: 20\nD: 5\nF: 0', 'A: 5\nB: 40\nC: 50\nD: 5\nF: 0', 'A: 25\nB: 50\nC: 20\nD: 5\nF: 0']","[np.float64(nan), np.float64(nan), np.float64(nan)]","[np.float64(nan), np.float64(nan), np.float64(nan)]"
16319,"In the excerpt @ORGANIZATION2, written by @ORGANIZATION1, The builders of the empire State building face obstacles in attempting to allow dirigibles to dock There, ""one obstacle to their expanded use in New York City was the lack of suitable landing areas."" (paragraph 6). If the Dirigibles can't lead it could cause destruction and could be very dangerous to people. In paragraph @NUM1 Al Smith says, It's on level all right no kidding wer'e working on the thing right now."" This shows the readers that the way he words things sounds almost unreliable. When constructing the idea of Dirigibles a mooring mast had to be added to the top of the building to allow passengers on and off. However This idea was unsafe. ""Dirigibles moored in open landing fields could be weighted down in the back with lead weights, but using Empire State building, where they would be dangling high above pedestrians on street was neither practical nor safe."" (paragraph @NUM2). This unsafe why would the build something harmful to others. In the excerpt The Mooring Mast written by @ORGANIZATION1. The builders have a hard time constructing the dirigibles.","[{'A': 0.0, 'B': 5.0, 'C': 25.0, 'D': 50.0, 'F': 20.0}, {'A': 0.0, 'B': 0.0, 'C': 5.0, 'D': 45.0, 'F': 50.0}, {'A': 0.0, 'B': 0.0, 'C': 5.0, 'D': 45.0, 'F': 50.0}]","['A: 0\nB: 5\nC: 25\nD: 50\nF: 20', 'A: 0\nB: 0\nC: 5\nD: 45\nF: 50', 'A: 0\nB: 0\nC: 5\nD: 45\nF: 50']","[np.float64(nan), np.float64(nan), np.float64(nan)]","[np.float64(nan), np.float64(nan), np.float64(nan)]"
7218,"The features of the setting made the cyclists journey even longer and more strenuous. The reason it being in such a remote area did not help. For example the people who still lived in that remote area were probably as old as the cyclist grandparents and the directions were horrible. Also, the fact that their were no new shops or areas or rest for the cyclist to go to; the water pump he found was old and nasty and the only building he saw was abandoned. Also ther factor was the rough terrain. It  being froit the cyclist was already very fatigued by lack of water and tiredness the terrain was long, bumpy and just horrible all together. Finally, the last factor was where he was bicycling in California on a @CAPS1 summer day and he being on a which had no n.c(but which bike does) did not help at all. These are how the features affect the cyclist journey.","[{'A': 0.0, 'B': 5.0, 'C': 30.0, 'D': 50.0, 'F': 15.0}, {'A': 0.0, 'B': 5.0, 'C': 35.0, 'D': 45.0, 'F': 15.0}, {'A': 0.0, 'B': 5.0, 'C': 40.0, 'D': 50.0, 'F': 5.0}]","['A: 0\nB: 5\nC: 30\nD: 50\nF: 15', 'A: 0\nB: 5\nC: 35\nD: 45\nF: 15', 'A: 0\nB: 5\nC: 40\nD: 50\nF: 5']","[np.float64(nan), np.float64(nan), np.float64(nan)]","[np.float64(nan), np.float64(nan), np.float64(nan)]"
19242,"I remember one time I was impatient, it was when my called and said she was go send me @NUM1$. @CAPS1 I asked her when she was to send it and she said @DATE3. Today was @DATE4 so that mean I had to @NUM2 days. @CAPS1 the next day had cameup  and the ???  truck came by and I thought I had mony but it wasnt @DATE3 yet, @CAPS1 I said, @CAPS2. @DATE1 came, I was still waiting so I tried going to the day can past by  @CAPS3 it! So @CAPS1 it was @DATE2 they had my favorite game on sale The bully the case had a yellow sticker that @NUM3 and no tax at all,@CAPS1 I was mad and @CAPS4 went home. My dad woke me up and said its @DATE3  I @CAPS1 I rose up ate breakfast @CAPS1 check the mail, @CAPS1 it bills, bills,bills and  my money my sent we an ???. At last I said I have money, so I bought some icecream @CAPS1 I bought my favorite game bully. thats the time when I was patient.","[{'A': 0.0, 'B': 0.0, 'C': 0.0, 'D': 5.0, 'F': 95.0}, {'A': 0.0, 'B': 0.0, 'C': 0.0, 'D': 10.0, 'F': 90.0}, {'A': 0.0, 'B': 0.0, 'C': 0.0, 'D': 5.0, 'F': 95.0}]","['A: 0\nB: 0\nC: 0\nD: 5\nF: 95', 'A: 0\nB: 0\nC: 0\nD: 10\nF: 90', 'A: 0\nB: 0\nC: 0\nD: 5\nF: 95']","[np.float64(nan), np.float64(nan), np.float64(nan)]","[np.float64(nan), np.float64(nan), np.float64(nan)]"
1675,"One evening, @CAPS1 I got home from school, I didn't know what I had for homework. I decided to call my friends cell phone, but instead I got her voicemail. I left her a voicemail and called her house phone instead, the same thing bad happened. Luckily, I had my other friends numbers I could use. The next day, I asked her why she didn't pick her cell and house phone. She told me ""I'm sorry, I guess I was to busy on the computer e-mailing other people."" @CAPS1 I think of people being on the computer too much, I think they don't get enought exercise, don't enjoy nature, and spend less time with family and friends. First @CAPS1 people spend too much time on the computer, they spend less time excersising. About @PERCENT1 of people do this and it's not healthy. @CAPS2 people do this too often, then they will not get enough excercise and without excersise then they won't be healthy @CAPS1 they get older. @CAPS3 @PERSON1 said ""@CAPS2 adults spend too much time on the computer, maybe @NUM1 hours a day or more while eating junk food like chips and soda, they are not setting a good example for their kids. @CAPS2 adults get into this bad habit, so will their kids and it's to early for kids to be unhealthy."" I also agree with @CAPS3 @PERSON1, she is right about how people spend too much time on the computer. Second, @CAPS1 people are on their computer, its like their face is glued to the screen and they don't care about nature, @CAPS1 people do this, I can't stand it. Its like they don't care about anything else. What I don't get is why can't they go outside and do something for at least a half hour, then go back to the computer and waste their time then? Going outside and enjoying nature is peaceful on a nice sunny clay. You could have a picnic, take a hike, or even hang out with friends instead of playing on the computer. I understand @CAPS2 its a bad day like @CAPS2 its snowing or a thunderstorm and you can't do anything outside, then you go on the computer. I think that at least @PERCENT2 of people would try this. Third, @CAPS2 people are too busy on the computer then they won't be able to hung out with friends or family. @CAPS2 your friends want to hang out with you and they want to go to the mall. But you can't because your on the computer, she would be furious at you. You picked the computer over your friends to go to the mall. There's probably a @PERCENT1 chance she won't ever talk to ou again. and I don't blame her. People who spend to much time on the computer, would barely understand whats going on. @CAPS2 someone tells you something, it goes in one ear and out the other. @CAPS1 people do this, its really dissappointing because you dont hang out as much as with your friends and family. As you can see, people are spending too much time on the computer than excersing, enjoying nature, and spending time with family and friends. @CAPS2 you ask me, I don't play on the computer as much which is a good thing.","[{'A': 0.0, 'B': 5.0, 'C': 40.0, 'D': 50.0, 'F': 5.0}, {'A': 0.0, 'B': 5.0, 'C': 45.0, 'D': 40.0, 'F': 10.0}, {'A': 0.0, 'B': 5.0, 'C': 45.0, 'D': 40.0, 'F': 10.0}]","['A: 0\nB: 5\nC: 40\nD: 50\nF: 5', 'A: 0\nB: 5\nC: 45\nD: 40\nF: 10', 'A: 0\nB: 5\nC: 45\nD: 40\nF: 10']","[np.float64(nan), np.float64(nan), np.float64(nan)]","[np.float64(nan), np.float64(nan), np.float64(nan)]"
21286,"Laughter is a important part of life. It is important in my life because it makes me happy. I am going to tell a true story about why laughter is so important to me and to my life. On days that I would be sad because of some stressful and unhappy things that were happening in my life at the moment. My friend @CAPS1 would come to my house to cheer me up. He would cheer me up by making me laugh, a lot. The main ways that he could make me laugh, when he would notice that I am sad were, tickling me randomly a lot, saying a funny joke or asking me a silly question and by making me play a video game or two, that I was very embarrassingly bad at. The first way he can get me to laugh is by tickling me. When he would come over we would just sit around and talk about random stuff that popped into our heads. He would notice me getting sad at some point and he would say that if I didn't cheer up he would tickle me so that I laughed to get cheered up. I wouldn't really cheer up so that he could make me laugh, to cheer me up. So, he would start to tickle me a lot. I am ticklish basically everywhere, so I would laugh hysterically and it was so much fun. After he would finally stop tickling me, I would still be laughing. If I were to get sad again, he would just keep on tickling me until he was sure that I was happy. I would get happy that day because of laughter.Another day that he was over just hanging out with me. I might not have been having that great of day. We would be watching a movie and eating pop corn or watching t.v., and he would notice that I wasn't really that happy. So, he would try and make me laugh to cheer me up. He would get me to laugh by saying some funny silly joke or asking me a weird random question. Little funny things like that will always make me laugh. Through out the day or while watching the movie. He would say something like it is so nice outside. When it really wasn't, he was just making me laugh. Or, something in the movie would happen and he would say how that would never be possible in real life. He would just get me to laugh to cheer me up. In addition to tickling me and saying something funny to make me laugh, he would also make me play a video game to get my mind off things. At his house one time he said that we should play some fun video games for something to do, because it would be rainy outside. At first he would show me how good he is at one of his favorite video games, likeAssassins @CAPS2. Then he would say that I should try to play it. I was not very good at it but it was fun. I am not used to the controls of an @CAPS3 @CAPS4 so I wouldn't know how to do some things, and he would make fun of me for it because it was actually supposed to be easy. When I couldn't do something I would laugh about it and give the controller to him because I couldn't do it and he could. That would make me laugh because I couldn't do something simple like run up a wall in the game, so, I would have to give it to him to do and that was funny to us. Being bad a video games is funny to me and it make me laugh. In turn that would make me happy which is important.In conclusion, by my friend @CAPS1 tickling me a lot, saying something weird and random, that is silly and funny or, by getting me to play video games that I was bad at and had to have him do it for me, would make me laugh. By him making me laugh, a lot, it made me very happy. Laughing is very important part of my life and this story. It is important because if I didn't laugh as much as he makes me, I would not be as happy. If I am not happy, that isn't a good thing. Because, being happy is a very important part of any life and relationship. Most of the ways I can get happy are by laughing. So, this story shows that laughing is very important part of my life. You could also say that is important in my relationship with @CAPS1. He make me laugh which makes me happy. That is very important to me.","[{'A': 0.0, 'B': 10.0, 'C': 50.0, 'D': 30.0, 'F': 10.0}, {'A': 5.0, 'B': 20.0, 'C': 40.0, 'D': 30.0, 'F': 5.0}, {'A': 5.0, 'B': 20.0, 'C': 40.0, 'D': 30.0, 'F': 5.0}]","['A: 0\nB: 10\nC: 50\nD: 30\nF: 10', 'A: 5\nB: 20\nC: 40\nD: 30\nF: 5', 'A: 5\nB: 20\nC: 40\nD: 30\nF: 5']","[np.float64(nan), np.float64(-469.74168451037093), np.float64(-469.74168451037093)]","[np.float64(nan), np.float64(179.82892142331045), np.float64(179.82892142331045)]"
10397,"There could be many reasons why the author concludes the story with this paragraph. There could be many different meanings of this paragraph that could have importance to the story. I think that the author includes this to say that when the spring comes, she will have many more reasons to take the driving test. You can break this paragraph down to mean many different things. I interpreted it to mean that when the spring comes back, she will have a new beginning. The snow melting away represents all the hardship she faced in the previous year. The geese returning and the hibiscus budding means that they are also coming back to start the new year. They are too coming back, getting ready to start their new life. It is included at the end to show how Saeng is trying to forget about how she failed the test. She is using this time now to prepare for the next time she is going to take the driving test. She thinks that once she forgets all of the bad things she went through the previous year. She had to move on and be able to pass the driving test the next time around. The author concluded the story with the paragraph to show how Saeng plans to solve her problems. The way you interpret the paragraph gives you different ideas about what it is trying to say. I think that it is showing @CAPS1 new beginning that she will have to go through the next year. ","[{'A': 0.0, 'B': 5.0, 'C': 25.0, 'D': 50.0, 'F': 20.0}, {'A': 0.0, 'B': 0.0, 'C': 10.0, 'D': 70.0, 'F': 20.0}, {'A': 5.0, 'B': 15.0, 'C': 40.0, 'D': 30.0, 'F': 10.0}]","['A: 0\nB: 5\nC: 25\nD: 50\nF: 20', 'A: 0\nB: 0\nC: 10\nD: 70\nF: 20', 'A: 5\nB: 15\nC: 40\nD: 30\nF: 10']","[np.float64(nan), np.float64(nan), np.float64(-463.51612202118827)]","[np.float64(nan), np.float64(nan), np.float64(196.4943911091416)]"
3839,"I am writing to the newspaper, about removing certain materials, such as books, music, movies, magazines, and more. I dont think this should be allowed. I dont think it would be far to others.     I'm going to give you three reasons why you shouldn't let people just remove stuff like that off of shelves. @CAPS1 first reason is that, what if you had a child and wanted he or she to see the same movie or book you did when you were little? But they took it off the shelves. That would be sad and you would want them to see the movie or book you did but they cant. Like what Katherine Paterson said 'All of us think of a book that we hope none of our children or any other children have taken off the shelf.'     @CAPS1 seceond reason is, what if you and a wife or husband had a favorite song, but they took it off the shelves? That would be devistating, it would just break your heart. Well I know it would me if it was are wedding song.      The last reason and @CAPS1 favorite reason is, you just have your own opion. Everyone has thier own opion, if you dont want to see them or look at them just dont do it. It's as easy as that, just try to ignor it. It's really not your problem to worry about.     Those are just three reasons why you should not let people remove anything off of any shelves. Like what Katherine Paterson said 'But if i have the right to remove that book from the shelf- that work I abhor- then you also have exactly the same right and so does everyone else. And then we have no books left on the shelf for any of us.' @CAPS2 if we let this happen everyone will take avanege of it. That is why I am @CAPS2 no to letting people remove anything off of any shelves","[{'A': 0.0, 'B': 5.0, 'C': 25.0, 'D': 50.0, 'F': 20.0}, {'A': 0.0, 'B': 0.0, 'C': 10.0, 'D': 50.0, 'F': 40.0}, {'A': 0.0, 'B': 5.0, 'C': 25.0, 'D': 50.0, 'F': 20.0}]","['A: 0\nB: 5\nC: 25\nD: 50\nF: 20', 'A: 0\nB: 0\nC: 10\nD: 50\nF: 40', 'A: 0\nB: 5\nC: 25\nD: 50\nF: 20']","[np.float64(nan), np.float64(nan), np.float64(nan)]","[np.float64(nan), np.float64(nan), np.float64(nan)]"
21253," Laughter is the best way to bring people closer together. It creates a bond that makes you feel a little more comfortable and secure. Life would be sad and depressing if there was no such thing as laughter. Everyone has a different type of laugh some peoples are loud, quiet,weird, or funny.But our laughter is what makes us who we are.  There are so many effects in the process of laughing.Your laugh can have such a strong effect on your body that it can cause your eyes to become a little teary. Sometime when u laugh its also harder to breath and your stomach might start to hurt. When somethings really funny I usually have a hard time to get another gasp of air because i cant stop laughing.That's one of the effects that happens to me while I'm laughing. Everyone knows that when someone thinks somethings funny they laugh. We can laugh at a movie, a joke,or even a simple mistake.My family always makes me laugh.When we have party's were always laughing and cracking up jokes.One of the jokes that my cousins said is that my aunts baby was so white that it look like a came out of la lechera. Lechera is a @CAPS1 word.  Another thing that also made me laugh is when i went to my cousins house. We were watching a movie and i had to go use the restroom so i went and when i came out she jump out from around the corner and scared me. I screamed so loud that my other cousin yelled from up stairs to be quiet. I couldn't stop laughing i was scared but it was funny because she scared me out of nowhere and i never expected her to do that. I think of laughing as a gift. It is something that can always brighten our day.I love to laugh and there's so many unforgettable moments were i almost laughed till i peed my pants.I think the people with the best personality are the people who can make someone else laugh.","[{'A': 5.0, 'B': 20.0, 'C': 50.0, 'D': 20.0, 'F': 5.0}, {'A': 0.0, 'B': 10.0, 'C': 50.0, 'D': 30.0, 'F': 10.0}, {'A': 5.0, 'B': 20.0, 'C': 50.0, 'D': 20.0, 'F': 5.0}]","['A: 5\nB: 20\nC: 50\nD: 20\nF: 5', 'A: 0\nB: 10\nC: 50\nD: 30\nF: 10', 'A: 5\nB: 20\nC: 50\nD: 20\nF: 5']","[np.float64(-478.2892142331043), np.float64(nan), np.float64(-478.2892142331043)]","[np.float64(0.0), np.float64(nan), np.float64(0.0)]"
16092,"To start off, the builders of the Empire State Building had faced many obstacles in attempting to allow dirigibles to dock there. Many of the obstacles had delt with the dirigible itself. For example, the dirigible was highly unsafe and flammable by the 1930s. ""When the German dirigible was destroyed by fire, New Jersey, on May 6, 1937 realized how much worse that accident could have been if it had taken place above a densely populated area, such as downtown New York."" Another obstacle that the builders had faced was nature itself. The winds were constantly shifting due to violent air currents. It would be highley dangerous for a dirigible to fly that close to a mooring mast with winds like that. Also, dirigibles could not fly near the Empire State Building, due to an existing law against airships flying too low over urban areas. This law would make it illegal for a ship to ever tie up to the building or approach the area. Al Smith's dream was to make the Empire State Building suitable for transportation, but sometimes dreams don't always go threw.","[{'A': 5.0, 'B': 40.0, 'C': 50.0, 'D': 5.0, 'F': 0.0}, {'A': 0.0, 'B': 10.0, 'C': 80.0, 'D': 10.0, 'F': 0.0}, {'A': 5.0, 'B': 40.0, 'C': 50.0, 'D': 5.0, 'F': 0.0}]","['A: 5\nB: 40\nC: 50\nD: 5\nF: 0', 'A: 0\nB: 10\nC: 80\nD: 10\nF: 0', 'A: 5\nB: 40\nC: 50\nD: 5\nF: 0']","[np.float64(nan), np.float64(nan), np.float64(nan)]","[np.float64(nan), np.float64(nan), np.float64(nan)]"
186,"Dear, Newspaper I am writing to persuade to put article in the paper about how computers have bad benefits on people. Computers make you unhealthy, bullying takes place on the computer, and it effects how you do in school. First, computers have bad effects on people because it makes you unhealthy. I say this because most people don't get enough exercise. Then you get obese from not having enoughb exercise. Eventually you @MONTH1 or @MONTH1 not get diabetes from being obese, but most of the time you do. The next reason why lcomputer have bad effects is because kids get bullied on the internet. This is important because when kids get bullied the feel bad about themselves. Then they all get very depressed. This is called cyber bullying. One example is, is that a guy came to our school to talk about his son. his son had killed himself from being bullied on the internent and at school. That is why bullying is an important issue and computers have bad effects on people. My third and final reason why computer have bad effects on people is that kids do bad in school. they do bad in school because they spend so much time on the computer that they stop doing their homework and stop preparing for tests and quizzes. Also kids get distracted in school because all they think or care about is going home and going on the computer. Kids also do bad in school because they eventually think that school is a waste of time and drop out. It is a proven fact that @PERCENT1 of kids that have dropped out of school was kids that were always on the computer and they said that school was a waste of time. Thats how a computers have on effect on school. Now remember, computers have bad effects on people because it makes people unhealthy. People gets bullied, and it has on effect on your schoolwork. That is how computers have bad effects on people.","[{'A': 0.0, 'B': 5.0, 'C': 45.0, 'D': 40.0, 'F': 10.0}, {'A': 5.0, 'B': 35.0, 'C': 50.0, 'D': 10.0, 'F': 0.0}, {'A': 5.0, 'B': 35.0, 'C': 40.0, 'D': 15.0, 'F': 5.0}]","['A: 0\nB: 5\nC: 45\nD: 40\nF: 10', 'A: 5\nB: 35\nC: 50\nD: 10\nF: 0', 'A: 5\nB: 35\nC: 40\nD: 15\nF: 5']","[np.float64(nan), np.float64(nan), np.float64(-474.2246692715697)]","[np.float64(nan), np.float64(nan), np.float64(242.9409049439459)]"
21151,"Laughter can create this type of bond that's hard to sever. I can tell you how I've made some fast and true friends just by laughing at the same things. Its an amazing thing when people laugh. It doesn't always make sense or seem that funny at the time but it will make anyone I think feel better no matter what the circumstance. I can tell you how I've made some fast and true friends just by laughing at the somethings. Or how laughter can fix a fight that you and a love one have had. Well here it goes, my story of a very true and very close to home story that help me open my mind and have one of the best and true friends I well ever have in my life. To tell this story i have to go back in time to when i way around nine or so. When I was a young girl my sister, @CAPS1, or as I always called her @PERSON2, and me hated each other. We never got along, maybe that's because of sharing a room with a older sister, but i can remember her never wanting to play with me or hang out with me. My oldest sister @PERSON1 had just gone to collage so my sister @PERSON2 and me got the chance to get to know each other a whole lot more. Sure we still had fights and still didn't get along with each other very well, but we were well on are way to becoming the best friends we are today. Well one day when my parents went out shopping me and my sister @PERSON2 stayed home to clean the house. Well in my family when cleaning music is blasting no matter what kind it is. As always my big sister had to ""order"" me around, or at least that's what it felt like then, and like always i was a stubborn little sister who never liked taking orders from the big sister. Well @PERSON2 told me i had to clean the bathrooms, and I hate to clean bathrooms, I mean who does right? So I tell her that wouldn't do clean them...well that doesn't go over so well with the big sister who is charge while mom and dad are away. So we start to fight, and oh what a fight that was. I mean loud as loud can be. The music couldn't even be heard over the yelling and screaming. Like most fighting in my house goes, my sister and I go so feed up with each other that we stormed out of that room and into our own bedrooms. While the music was still blasting and even could be heard from all the way upstairs. So as I ,and I can only guess my sister was doing the same, was plotting my revenge on my oh so ""wise"" sister then music changed to a upbeat classic song that is one of the most popular songs in my house hold. This song was ""@CAPS2 @CAPS3"", because I loved this song so much I opened my door to my bedroom. I guess my sister is like me because she did the same. Well I had started singing and dancing in my room to the music, and guess my sister had heard me because she had come out of her room and into mine. I of course didn't notice her so I had keep doing my singing and dancing. Well as soon as she started to laugh at me I stop and glared at her. @CAPS1 just stands there laughing, I had said something on the lines as well you couldn't do better then that. So she tried and it was my turn to laugh. We ended up making fun of each others dances and laughed all the way down stairs were we hug and said how sorry and stupid we where for fighting. Then after all that had just happened we look around us at the work to still be done. We then looked at each other and laughed and ran to do our work before mom and dad got home. We finish just in time to, as soon as my mom and dad came home we where just doing the last bit of cleaning. @TIME1 after my mom and my dad had gone to bed my sister and I had a @TIME1 of watching movies and laughing our heads off.  That's it, my story of how sisters, or more like best friends can fix and start anything with just laughing and having fun together. Now my sister lives in @LOCATION1 so i don't see her a lot, but when ever i can i web chat her or call her. We spend hours laughing, it doesn't even matter what we are laughing about. That's what laughter does, it creates this bond, a deep connection. My sister and I @MONTH1 have had our fights in the past...and the future but we have laughter that always helps us stay together no matter what happens in life.","[{'A': 5.0, 'B': 20.0, 'C': 40.0, 'D': 30.0, 'F': 5.0}, {'A': 5.0, 'B': 20.0, 'C': 40.0, 'D': 30.0, 'F': 5.0}, {'A': 5.0, 'B': 20.0, 'C': 40.0, 'D': 30.0, 'F': 5.0}]","['A: 5\nB: 20\nC: 40\nD: 30\nF: 5', 'A: 5\nB: 20\nC: 40\nD: 30\nF: 5', 'A: 5\nB: 20\nC: 40\nD: 30\nF: 5']","[np.float64(-469.74168451037093), np.float64(-469.74168451037093), np.float64(-469.74168451037093)]","[np.float64(0.0), np.float64(0.0), np.float64(0.0)]"
1069,"@ORGANIZATION1, @CAPS1 of people use computers @CAPS2 for many different types of things. Computers are very beneficial to society. Even though people @MONTH1 use their computers too much, the tasks they complete help our world run smoothly. Also, computers allow us to keep in touch with friends and family that we don't see anymore, and they teach us valuable information very quickly. Without computers, society would not run as smoothly as it does now. One way that computers benefits our society, is that they complete tasks such as writing a paper, researching information,..etc, much quicker. For example, if you, the @ORGANIZATION1, needed to quickly print an article in the paper on the devastating earthquake in @LOCATION1, computers would greatly benefit you because they would allow you to type the article much quicker than having to handwrite it. Computers are very beneficial to society because they allow us to complete things very quickly and efficiently. Another reason why computers are very beneficial to society is because they allow us to maintain relationships with people from long distance and allow us to always keep in touch with old friends and family. Moving to from about @DATE1, computers have greatly helped and I stay halfway country. In a recent survey by @PERCENT1 of college graduate a computer stay in town friends from stay in but allow you to actually see the are our society is beneficial by computers because they world. reason society is because they alloe people very quickly. Search engines such as @ORGANIZATION3, @ORGANIZATION4, @CAPS3, and more allows us to research anything we want to know at just the click of the button. This ability to know anything very quickly has agreat effect on people, without of this knowledge people becomemore intellectual and intelligent and with that intelligence, they make great things happen. According to @PERSON1, a computer scientist at @ORGANIZATION2, The knowledge people get from computer search engines allows them to better do @CAPS2 things and achive more in thier lives"". Computers benefit society and have great effect on people when they are balanced our with other important things such as exercise and socializing. They teach us new information quickly, perform tasks, quickly and effeciently and allow us to keep in touch with people across the world. If it weren't for computers things would take longer to get done and society would become worse. We need computers to do @CAPS2 things and do tasks needed to live life.""","[{'A': 5.0, 'B': 40.0, 'C': 40.0, 'D': 10.0, 'F': 5.0}, {'A': 10.0, 'B': 60.0, 'C': 25.0, 'D': 5.0, 'F': 0.0}, {'A': 15.0, 'B': 40.0, 'C': 30.0, 'D': 10.0, 'F': 5.0}]","['A: 5\nB: 40\nC: 40\nD: 10\nF: 5', 'A: 10\nB: 60\nC: 25\nD: 5\nF: 0', 'A: 15\nB: 40\nC: 30\nD: 10\nF: 5']","[np.float64(-482.19280948873626), np.float64(nan), np.float64(-463.51612202118827)]","[np.float64(0.0), np.float64(nan), np.float64(11.323312532452029)]"
1268,"People use computers everyday. There's so many reasons way the're always on. They could be talking to one of their family relatives. Also they're probally looking for jobs. There's many things and people shouldn't tell them what to do with their lives. Many people in @LOCATION1 use the computer to talk to one of their old friends and catch up on things. Also they could be talking to one of their family relatives. There's a thing called webcam and people in @LOCATION1 use it so they could see one another. Buisnesses people are always on the computer because they need to print out documents and they probally got to send something to another country. Buisnesses people also do lots of work on the computer. They can still exercise in @TIME1 for a quick jog, but also thats their choice if they want to stay health or not, plus they're busy people. Other hand people who go on the computer and who are not buisness people or they're not talking to family member or an old friend are students and parents. Tons of students in @LOCATION1 have projects everyday and they got to be on the computer to look up their information. Parents on the other hand also help out their children and they also talk to their relatives or these looking for a new home or job. If all those people are busy let them do their work they want for need to do. Once their done they could excerise but if they don't want to and other people told them to go not take a walk or anything healthy then it's their lost. We can't some them too. They're just getting better everyday and it's not effecting us. its effecting them. If they want to be on the computer they're also getting bad eye-sight because of too much light.","[{'A': 0.0, 'B': 5.0, 'C': 25.0, 'D': 50.0, 'F': 20.0}, {'A': 0.0, 'B': 5.0, 'C': 25.0, 'D': 50.0, 'F': 20.0}, {'A': 0.0, 'B': 5.0, 'C': 25.0, 'D': 50.0, 'F': 20.0}]","['A: 0\nB: 5\nC: 25\nD: 50\nF: 20', 'A: 0\nB: 5\nC: 25\nD: 50\nF: 20', 'A: 0\nB: 5\nC: 25\nD: 50\nF: 20']","[np.float64(nan), np.float64(nan), np.float64(nan)]","[np.float64(nan), np.float64(nan), np.float64(nan)]"
4630,"Have you ever walked into a library and saw a book that you wouldn't what your child or any young one to pick up and read? There is several book in the library that young children should read. I don't believe that you a certian book should be removed from the library because it is offensive to some or not suitable for children, but there is a few things that can be done to keep those books away from your kids or any child. The possable things that could be done is; move those book to a higher shelf, designate a certian area for those books, or put an age limit on those books.     The first way that you could keep an offensive book out of your childs, or any other childs hands is to move those book to a higher shelf. Doing this will keep those books out of your childs sight and reach. That will keep them out of childens hand, and prevent them from reading them.     The next possability to keep offensive books out of your childs or any childs hand is to, designate a certain area for those books in the library. Doing this will provied a 'barrior', so that you could tell your child to stay out of that area, and keep a watch on them to make sure they don't go in that area. You would also know where those books are so the you could make sure they don't go to that area.     The final possability to keep offensive books out of your childs or any other childs hands is to put an age limit on those book to keep the children from being able to check-out those books, to read them. This would make the childen have be a certain age before the can check them out, preventing them from reading them.      These are a few possabilities that could be used to keep offisive books out of childrens hands, and preventing them from reading those offensive books that you wouldn't want them getting a hold of and reading","[{'A': 0.0, 'B': 10.0, 'C': 70.0, 'D': 20.0, 'F': 0.0}, {'A': 0.0, 'B': 5.0, 'C': 45.0, 'D': 45.0, 'F': 5.0}, {'A': 0.0, 'B': 10.0, 'C': 60.0, 'D': 30.0, 'F': 0.0}]","['A: 0\nB: 10\nC: 70\nD: 20\nF: 0', 'A: 0\nB: 5\nC: 45\nD: 45\nF: 5', 'A: 0\nB: 10\nC: 60\nD: 30\nF: 0']","[np.float64(nan), np.float64(nan), np.float64(nan)]","[np.float64(nan), np.float64(nan), np.float64(nan)]"
1214,"Dear @PERSON1, Computers are necessary and benefit our community. They do a great deal to help make our lives easier. There is not a day that we do not use a computer in some way or another. The benefits of our computers are they connect us, the spread news, and they make every day objects work. Computers connect us in so many difffrent ways. Where would businesses be without computers? Most modern day businesses are run by computers. Owners can now have businesses all over the world. With computers a business in @LOCATION2 or somewhere else in @LOCATION4 can be connected with a building in @LOCATION1. They can have live video chats together. With the help of the computers they are able to contact any branch of their business all over the world. Even smaller businesses use the computer to connect to customers. Now a days we do a lot of online shopping. This is an example of how stores connect to their customers. Stores can show buyers everything they have to offer including store locations. This can help stores get more business by connecting the buyer to the shop. The computer not only connects stores and businesses but also people to people. @PERCENT1 of kids in my school own a computer. With all these computers many social networking sites are born. The most popular right now is @CAPS1. Students can connect to old friends from other places and even other countries. We have a live chat on @CAPS1 or even @CAPS2. @CAPS2 is instant messging which is, well, instant. With a simple click people are connected no matter how far apart they are. Therefore, computers conect people. Computers also broadcast news. Without the computers most of us would not no about world news. This includes the @LOCATION3 earthquake. If we did not have the computers to let us know about the earthquake in @LOCATION3 they would be in alot more trouble. They would not have all of these donations. Also computers even broadcast national news. Almost all newspapers are now online along with on paper too. Anyday now they will be completly online. This will drastically change how we learn about news. It would just be a click away. What would have taken days to get here now takes minutes or maybe even seconds. Science also benefits from computers. Phones now can be personal tws, inernet, and messaging devises. Phones are just a tiny version of a computer. Cars also have computers put into them. The @CAPS3 in our cars are computers; we would be lost without them. Also, in cars there are computers to run just about everything else. So, there is not a day where we do not incounter computers. In conclusion, computers benefit us in so many ways. They conect us deliver news, and are in almost all of our technology. Could you imagine life without computers?","[{'A': 55.0, 'B': 35.0, 'C': 10.0, 'D': 0.0, 'F': 0.0}, {'A': 40.0, 'B': 35.0, 'C': 20.0, 'D': 5.0, 'F': 0.0}, {'A': 30.0, 'B': 50.0, 'C': 15.0, 'D': 5.0, 'F': 0.0}]","['A: 55\nB: 35\nC: 10\nD: 0\nF: 0', 'A: 40\nB: 35\nC: 20\nD: 5\nF: 0', 'A: 30\nB: 50\nC: 15\nD: 5\nF: 0']","[np.float64(nan), np.float64(nan), np.float64(nan)]","[np.float64(nan), np.float64(nan), np.float64(nan)]"
4754,"Do citizens have the right to remove books, magazines, and other materials from shelves because they personally do not agree with the content? Censorship in libraries is a subject with an unclear answer.  Some believe it is in their right to get rid of books, music, and movies with what they believe is 'offensive' material. Others think library censorship is wrong, that people should have access to whatever material they please. Censorship is simply a way of preventing knowledge from those who wish to learn more about worlds outside their own.     In @DATE1's society, there are no limits. The human imagination can create beautiful works of literary art and music, but it can also create material not suitable for every age group. Library censorship is a way to keep this 'unsuitable' material away from young and curious eyes. However, what @MONTH1 be unacceptable for children to view @MONTH1 be perfectly fine for a mature adult. Censorship is purely opinion. If a person is a strict believer that @CAPS1 created the world in seven days, they might find it offensive to see a book or a movie that supports the theory of evolution. If a parent does not want their child to watch @CAPS2, they would rather their children not see a @CAPS2 disk in the children's section for their child to see. If one person harbors a profound grudge against @CAPS4, it is unfair to others if all @CAPS5 content is removed from a library's shelves. If a person does not wish to have access to certain 'offensive' subjects, then they do not have to expose themselves to it. But it is not in their rights to remove it from the view of others who @MONTH1 wish to educate themselves on the said matters.     Writing is a form of self- expression, a method by which to convey feelings and thoughts and share them with others. It is also a way to teach and to inform others about the past. But if what is written is not shared, how can one form their own opinions and thoughts when they are not exposed to the opinions of those outside their community? It is unfair to prevent someone from learning about a certain subject simply because one or two other people oppose the content. If books and movies containing information unacceptable to one person were removed, then everyone else has the right to have material of their choice removed as well. Eventually, there would be nothing left because everyone is offended by one thing or another. That is one of the beauties of being an @CAPS6 citizen: freedom of speech. By living in @LOCATION1, one has the right to read or learn about whatever they please. Censorship prevents learning from those who want it.     Parents are possibly some of the biggest advocates of library censorship. Not wanting their children to be exposed to explicit or graphic material is understandable. But just because they do not want their child to see a movie about devil worship or the @CAPS7 era does not mean the parent has the right to prevent all others from seeing it. Children need to be exposed to these kinds of things at some point to encourage open- mindedness and acceptance of others. Libraries provide a source by which young people can educate themselves on the religions, beliefs, and customs of the outside world. It should not be up to the parents to decide what is put on the library shelves; if they do not want their children to have access to certain subjects, do not allow them to go to the library.      In conclusion, one can say library censorship is a matter of opinion. Citizens have a right to read, listen to, or watch whatever material they please. Granted, it is acceptable for parents to shield their children from certain subjects, but it is unaccepable for those same parents to prevent others in the community from learning. Freedom to express one's opinions in the form of literature means nothing if that literature cannot be shared with others. As Katherine Paterson once said, '... And then we have no bookes left of the shelf for any of us.","[{'A': 55.0, 'B': 35.0, 'C': 10.0, 'D': 0.0, 'F': 0.0}, {'A': 25.0, 'B': 50.0, 'C': 20.0, 'D': 5.0, 'F': 0.0}, {'A': 30.0, 'B': 50.0, 'C': 20.0, 'D': 0.0, 'F': 0.0}]","['A: 55\nB: 35\nC: 10\nD: 0\nF: 0', 'A: 25\nB: 50\nC: 20\nD: 5\nF: 0', 'A: 30\nB: 50\nC: 20\nD: 0\nF: 0']","[np.float64(nan), np.float64(nan), np.float64(nan)]","[np.float64(nan), np.float64(nan), np.float64(nan)]"
3639,"I'm really sick and my head really hurts at this moment while having to write this paper, so please take @CAPS1 easy on me.      Any source of literature is someone's own creation of imaginiation, taken in whatever direction they so choose for @CAPS1 be to be taken. The creation of that art form as writing would be nothing less then lonesome trash floating the winding streets if @CAPS1 were censored.       @CAPS1 is almost like when watching television; your kids are up and want to stay up late to watch the new horror movie but no way, that movie is way to scary for them, plus @CAPS1 shows some nudity. If the movie is not appropriate for your children then do not let them watch @CAPS1. In a library though, your mother might not always be there to pre-read your books for you. So maybe you just have to assume responsibility and read the book if you choose to, or not read the book depending on how your mother would feel about @CAPS1 of course.      The thought of there being censorship in libraries is quite ridiculous. Of course I would not like to see @PERSON1: @CAPS1 in my childrens section but that is all up to just having books in their right sections. Have the explicit books on one side of the library and the non on the other side. The main point is that most people that make use of the library are old enough to choose a book of their liking and if they are not they have their mother accompanying them","[{'A': 0.0, 'B': 10.0, 'C': 70.0, 'D': 20.0, 'F': 0.0}, {'A': 0.0, 'B': 10.0, 'C': 70.0, 'D': 20.0, 'F': 0.0}, {'A': 5.0, 'B': 20.0, 'C': 50.0, 'D': 20.0, 'F': 5.0}]","['A: 0\nB: 10\nC: 70\nD: 20\nF: 0', 'A: 0\nB: 10\nC: 70\nD: 20\nF: 0', 'A: 5\nB: 20\nC: 50\nD: 20\nF: 5']","[np.float64(nan), np.float64(nan), np.float64(-478.2892142331043)]","[np.float64(nan), np.float64(nan), np.float64(351.1407490790978)]"
4732,"Have you ever read or seen a book that you thought was not appropriate? Did you want to ban the book from the library you got it from? Well many people have experienced this and many of them have wanted to have more sensorship in libraries but we can not always do this. Maybe that book that you just put down, deeming it inappropriate for all to read it, is someone else's favorite book. You @MONTH1 never know but maybe someone might think your favorite book is not appropriate. There are many different people in the world and they all have different opinions. So instead of banning them how about libraries and schools just sensor them.      Censoring seems like a no brainer but a lot of people do not think about it. We can not just close our eyes to all the inappropriate books out there but we can at least censor them. Censoring them could be as simple as just putting a tag on them or making a different section for just those kinds of books. The tags should be clearly marked so that people can see it and know what to expect from the book.                    People do not have to get rid of some books completely but they need to recognize that young children could pick it up and start reading it without knowing that it is not very appropriate for them. Parents do have the right to check and monitor what their child is reading. Although if you just get rid of the book completely, people are also getting rid of other people's freedom of speech. No one has the right to determine what books are not appropriate and what books are, so no one should have the right to just have certain books just removed from the shelves.      Instead of banning the books or complaining about it them, people could try a rating system for books. When you buy movies a lot of times people check the rating on the movie to see if it would be appropriate for their child or even for themselves. This is what we could do with books too and maybe there will not be as many problems with books. It sounds simple enough but people need to take action and start to do something about it.     You @MONTH1 not be able to make everyone happy but at least people can be more informed about the books they are reading. If everyone can help out in the effort to make our libraries and school more censored than all the libraries would be a lot happier places full of adventure","[{'A': 5.0, 'B': 35.0, 'C': 40.0, 'D': 15.0, 'F': 5.0}, {'A': 5.0, 'B': 35.0, 'C': 40.0, 'D': 15.0, 'F': 5.0}, {'A': 5.0, 'B': 35.0, 'C': 45.0, 'D': 10.0, 'F': 5.0}]","['A: 5\nB: 35\nC: 40\nD: 15\nF: 5', 'A: 5\nB: 35\nC: 40\nD: 15\nF: 5', 'A: 5\nB: 35\nC: 45\nD: 10\nF: 5']","[np.float64(-474.2246692715697), np.float64(-474.2246692715697), np.float64(-483.0968568256564)]","[np.float64(0.0), np.float64(0.0), np.float64(1.797000057692494)]"
15486,"When the builders were almost ready to place the mooring mast on top of the Empire State Building, big problems became apparent to them that caused complications in docking dirigibles. One factor was that by law, dirigibles couldn't be that low above the city, as they could accidently  crash into a building and fall onto the crowds below. Another factor was the air currents around the tall buildings, especially the Empire State Building at a height of 1,250 feet. Even if the dirigible was tethered to the mooring mast, the winds would violently rock it, and could crash against the building and fall to the streets below. A recent factor arose when the Hindenburg dirigible burst into flames from the hydrogen in it when it flew over New Jersey on May 6, 1937. Nobody wanted to risk that happening over New York City, either. So because of flammable hydrogen, violent air currents, and by law, the builders had complications when building the mooring mast to allow dirigibles to land there.","[{'A': 40.0, 'B': 40.0, 'C': 15.0, 'D': 5.0, 'F': 0.0}, {'A': 60.0, 'B': 30.0, 'C': 10.0, 'D': 0.0, 'F': 0.0}, {'A': 5.0, 'B': 70.0, 'C': 20.0, 'D': 5.0, 'F': 0.0}]","['A: 40\nB: 40\nC: 15\nD: 5\nF: 0', 'A: 60\nB: 30\nC: 10\nD: 0\nF: 0', 'A: 5\nB: 70\nC: 20\nD: 5\nF: 0']","[np.float64(nan), np.float64(nan), np.float64(nan)]","[np.float64(nan), np.float64(nan), np.float64(nan)]"
15051,"In the excerpt ""THE MOORING MAST"" by Marcia Amidon Lüsted there were many obstacles that the workers had to face to allow Dirigibles to dock at the top of the empire state building. One of the many obstacles the workers faced was that they could not simply drop a mooring mast on the top of the Empire State building. Also the thousand-foot dirigibles moored at the top of the Empire State building. A single cable tether held the dirigible and it would add stress to the building's frame. The biggest obstacle the workers would face was the mooring mast on top of the building with all winds shifting due to vilent air currents. Another obstacle was the dirigibles were moored in open field and they were weighted down in the back. The problem was they were dangling high above pedestrians on the street. Those are the obstacles the workers faced","[{'A': 0.0, 'B': 0.0, 'C': 10.0, 'D': 80.0, 'F': 10.0}, {'A': 0.0, 'B': 10.0, 'C': 40.0, 'D': 40.0, 'F': 10.0}, {'A': 0.0, 'B': 5.0, 'C': 45.0, 'D': 40.0, 'F': 10.0}]","['A: 0\nB: 0\nC: 10\nD: 80\nF: 10', 'A: 0\nB: 10\nC: 40\nD: 40\nF: 10', 'A: 0\nB: 5\nC: 45\nD: 40\nF: 10']","[np.float64(nan), np.float64(nan), np.float64(nan)]","[np.float64(nan), np.float64(nan), np.float64(nan)]"
561,"Dear Newspaper @CAPS1, I believe that the computer is good for the society because, @CAPS2 and student's do most of the studies online. We spend most of our time with our family and friends so we want a little bit of time to ourselves. We learn much more on the computer because it has a lot of facts. After reading this essay I hope you will agree with my position. @CAPS2 student's put most of their notes on a laptop and study what they did in class on the computer. @CAPS6 they need to look something for history class they have internet. High @CAPS3 @CAPS4 don't like going to the library so they go on the internet as there source. So @CAPS6 a student has a project due and the teacher wants it neat the computer will write the project neatly. The computer/internet has became a big source of learning to our society don't you agree? Our time most of the time is spent with our families @CAPS7 not our friends came over. Go outside and play with them, sit down and play games. Our families we are so little bit of time to ourselves computer won't hurt nobody. We don't on forever we friends or search something useful @CAPS5 we talked to our families @CAPS6 we go online searching for they couldn't fire. People countries to see @CAPS7 enough to visit for @CAPS7 they wanna that country they need a resource that is up to date. A computer is constantly updated with new fact's about everything. I hope after reading this you will agree with my position. Mostly every person has a computer and it does not effect there lives a lot. A computer is a great resource for the public. People wanna meet new people so they use a computer to do so student's want a great grade on those project so they wanna present it nicely. I believe agreeing with you be a very good choice.","[{'A': 0.0, 'B': 0.0, 'C': 5.0, 'D': 55.0, 'F': 40.0}, {'A': 0.0, 'B': 5.0, 'C': 15.0, 'D': 50.0, 'F': 30.0}, {'A': 0.0, 'B': 5.0, 'C': 15.0, 'D': 50.0, 'F': 30.0}]","['A: 0\nB: 0\nC: 5\nD: 55\nF: 40', 'A: 0\nB: 5\nC: 15\nD: 50\nF: 30', 'A: 0\nB: 5\nC: 15\nD: 50\nF: 30']","[np.float64(nan), np.float64(nan), np.float64(nan)]","[np.float64(nan), np.float64(nan), np.float64(nan)]"
577,"You say that computers are bad and does not help any one in these physical life but some people go on the computer to find yoga poses and diest tips and how does that not help them physicaly and mentaly. Computers they @MONTH1 get kid in a lot of trouble they chat on (@CAPS1, facebook twitter, etc...) but they also don't know whos behind the computers they spend so much time on that @CAPS1 thing. That they don't attention to life itself. Now there are good parts about the computer you can find things you need and you can check travel sites etc... so you can not say that the computer is all that bad it helps a lot of people. So you should really be consider judging the skills of the computer they really do help in life. And they do help people that have physical needs.","[{'A': 0.0, 'B': 5.0, 'C': 20.0, 'D': 50.0, 'F': 25.0}, {'A': 0.0, 'B': 0.0, 'C': 5.0, 'D': 45.0, 'F': 50.0}, {'A': 0.0, 'B': 5.0, 'C': 25.0, 'D': 50.0, 'F': 20.0}]","['A: 0\nB: 5\nC: 20\nD: 50\nF: 25', 'A: 0\nB: 0\nC: 5\nD: 45\nF: 50', 'A: 0\nB: 5\nC: 25\nD: 50\nF: 20']","[np.float64(nan), np.float64(nan), np.float64(nan)]","[np.float64(nan), np.float64(nan), np.float64(nan)]"
1092,"Dear @CAPS1 @CAPS2 @CAPS3 @CAPS4, Are you always telling your kids to do their homework and get off the computer? Well, I might just be able to help. Computers do not benefit our society today. People are spending to much time on them; not enjoying the outdoors, and are taking away time to spend with friends and family. I believe having a limit each day on your computer might help solve these problems. The computers can be very distracting and you can use them too offten. Stairing at the computer screen can damage your eyes and kill brain cells. Thats one thing kids and adults dont notice. You need your brain cells for school. Joins and other activities, computers can also distract you from completing work, and then you have to stay up late to finish homework should come before the computer. Time flys by as your clicking and typing. The next thing you know as it's ten o'clock and your work is not completed. Since my schedule is so busy after school. I try to complete my work, then go to the computer before dance. This way I am my friends and relax. Taking time away from the computer is a smart idea. As it comes to @DATE1 time the weather is going to be beautiful and you don't want to waste a pretty day on the computer, @CAPS5 human body needs oxygen. Clearly, computers don't supply that. A great way to recieve oxygen is going outside for some exersize and energy. Playing outside can offer a lot more than a computer. You can swim, jump, or play sports. My doctor once told me, "" Everyone should have atleast an hour of exersize a day. ""You can't accomplish that by sitting at your computer. Next time there is sunshine out, no matter what season it is, go outside and take a break from electronics. Spending time with family and friends is a fun way to stay off the computer. Friends and Family are not people to take advantage of. They are people who are there for you when you are down and make you laugh. When your relatives come to town that you havn't seen in a while, You don't want to spend it on the computer. Talking and catching up with one another is a great way to re-connect. During family holidays, we don't bring our computers. We shut them off to spend time with each other. Friends and family are special gifts. So, don't throw away friendships or relationships with your family. Get away from the computer and bond. (did not finish)","[{'A': 0.0, 'B': 5.0, 'C': 70.0, 'D': 20.0, 'F': 5.0}, {'A': 0.0, 'B': 10.0, 'C': 50.0, 'D': 30.0, 'F': 10.0}, {'A': 5.0, 'B': 20.0, 'C': 50.0, 'D': 20.0, 'F': 5.0}]","['A: 0\nB: 5\nC: 70\nD: 20\nF: 5', 'A: 0\nB: 10\nC: 50\nD: 30\nF: 10', 'A: 5\nB: 20\nC: 50\nD: 20\nF: 5']","[np.float64(nan), np.float64(nan), np.float64(-478.2892142331043)]","[np.float64(nan), np.float64(nan), np.float64(193.43470386029287)]"
20859," ""@CAPS1 ma, do you know where my purse is."" I wonder where it is, I need to put my license in my wallet. I kept looking around and found it in my room under all my dirty clothes. A sigh of relief came over me, I was glad I found it before something happened. I woke up @DATE1 @TIME1 and figured it would be just another day. I had plans to go to a basketball game after school. It was the biggest game of the season, we were playing our rivals, the @CAPS2 @CAPS3. The day was going by slow though, I couldn't wait until it was over. Finally the bell rang, school was over, I drove home a little disappointed. I wasn't sure if my friends were going to the game with me, if they didn't go I probably wouldn't either. I was determined though, I texted them at five and convinced them it would be fun. I picked up my friend @PERSON1 first, then @PERSON2.  This is when my normal day turned into one of the most eventful days ever. The @ORGANIZATION1 (where the game was being held) was about twenty minutes away, I had to stop and get gas before we left. We went to the cheapest spot in town and filled up my car. When it was time to leave, my car decided not to start. I have an old car and it doesn't start all the time, it just sits there for a while until it wants to start. There were some guys in the other lane that we new staring at us. We just started laughing it was really embarrassing. The attendant asked us if we needed something else and I said no, my car just wasn't starting. I tried turning it on again, but it just kept dieing. Out of all the other days my car decided not to start, today. Then some men came out and told me that they had to move my car I got so embarrassed and starting laughing again. I always laugh when I get nervous. I told them to let me try turning on my car once more, I prayed my car would turn on this time. It did, I was so relieved and embarrassed, I left as soon as I could.  Twenty minutes later we were in @ORGANIZATION1 in front of the school, and just my luck again, no parking spots. We drove around for about five minutes until we found one that was walking distance. Then we gathered our things and walked to the game. It hadn't started yet but it was about to, I had a feeling it would be a really close game. Soon the game began and just how I figured, the game kept going back and forth, we got a point, they got a point. It was really exciting but there where two parents behind us that were really into the game. They kept shouting at players, shouting at the referee, and just being annoying. The game was good, but in the end The @CAPS2 @CAPS3 won by @CAPS6 points. It was a little disappointing, but The @ORGANIZATION1 did have a good team.   After the game we were going to eat at @ORGANIZATION2. We left the game quickly after it was over so we wouldn't get stuck in traffic. I was driving down this road I thought I new but then I realized I didn't recognize it at all. @PERSON2 told me to keep going she new where we were. I stayed on the road and luckily it took us straight to down town by @CAPS7. I got onto one of the main roads and headed to @ORGANIZATION2. The road I was on had a million stop lights though, and I was stopping every @NUM1 minutes. Then a pedestrian decided to cross the street in front of me, I waited for him to cross even though he wasn't even on a crosswalk. I kept going no worries on my mind, music blasting, when suddenly rainbow lights behind me. This day couldn't get any worse, I pulled over and waited for the @CAPS8 to come up to my window. He asked for my license and registration. I got my purse and looked in my wallet. My heart pounded where was my license i had just put it in my purse a few days ago. I started to panic and laughter filled the air. My nerves got to me I couldn't help it. I looked everywhere finally he asked if I had my school I.D, I went to pull it out and there was my license right underneath. He went back to his car, leaving me bursting with laughter. He came back and told me my insurance was expired, another thing that added to my day. I was still laughing when he gave me my ticket for speeding and expired insurance. I think I got it because I was laughing and he thought I was taking it as a joke. You cant control nerves though, or at least I can't.","[{'A': 5.0, 'B': 15.0, 'C': 40.0, 'D': 30.0, 'F': 10.0}, {'A': 0.0, 'B': 0.0, 'C': 5.0, 'D': 90.0, 'F': 5.0}, {'A': 0.0, 'B': 0.0, 'C': 5.0, 'D': 90.0, 'F': 5.0}]","['A: 5\nB: 15\nC: 40\nD: 30\nF: 10', 'A: 0\nB: 0\nC: 5\nD: 90\nF: 5', 'A: 0\nB: 0\nC: 5\nD: 90\nF: 5']","[np.float64(-463.51612202118827), np.float64(nan), np.float64(nan)]","[np.float64(0.0), np.float64(nan), np.float64(nan)]"
4583,"Nobody should believe that we have the choice to take books off the shelves of a library. America is a free country and we can write whatever we want. Everyone has freedom of speach, your just taking that admendment and putting it into music, books, or a movie. When you are looking for a book and you find one that seems offensive just put it back on the shelf and move on.     Everyone have seen a lot of things that are offensive to races and beliefs. You hear jokes that are offensive but that is all that it is a joke and it is not to be taken seriously. I have read a book recently called '@CAPS1's your @CAPS2' it was not what I thought it would be, so I just put it down and picked up a different book and kept on reading. If everybody were able to take books out of a library just because it was offensive would we have any books at all? Movies have a protection against this called ratings. The ratings are from '@CAPS3 to @CAPS4.' If the movie you watch is more towards the @CAPS4 section then it will have more offensive language and violent scenes. That is why there is always a blocked off section at a dvd rental store. That section is only for mature people of the ages @NUM1 or older. If by any chance your kid strays in there and finds somthing not suited for him and you really get fired up just think @CAPS1 let him wonder into that section. @CAPS1 should be watching him at all times, @CAPS1 is responsible for him?      I do not agree that reading material or anything in that matter should be taken off of a shelf. Thats like saying if someone did not like how the @CAPS5 of @CAPS6 was worded they could just take it down and throw it away. We would have nothing to read. So the next time you see something that is offensive just put it back and move on","[{'A': 5.0, 'B': 20.0, 'C': 40.0, 'D': 30.0, 'F': 5.0}, {'A': 0.0, 'B': 10.0, 'C': 50.0, 'D': 30.0, 'F': 10.0}, {'A': 5.0, 'B': 15.0, 'C': 40.0, 'D': 30.0, 'F': 10.0}]","['A: 5\nB: 20\nC: 40\nD: 30\nF: 5', 'A: 0\nB: 10\nC: 50\nD: 30\nF: 10', 'A: 5\nB: 15\nC: 40\nD: 30\nF: 10']","[np.float64(-469.74168451037093), np.float64(nan), np.float64(-463.51612202118827)]","[np.float64(0.0), np.float64(nan), np.float64(3.774437510817343)]"
13456,"In the excerpt ""@CAPS1 Rodriguez"" from Home: the @CAPS2 of our Lives, the author gives off a very nostalgic mood. Throughout the excerpt @CAPS4 recalls all the feasts, parties and guests @CAPS4 had at the ""simple house"" his parents turned ""into a home"" as stated in @CAPS3 @NUM1. This tells me that the author had  very good memories at the house @CAPS4 loved and grew up in. The author also gives off a very compassionate mood. In @CAPS3 @NUM2 it says ""I will always be grateful to my parents for their love and sacrifice.""  @CAPS4 describes his comunnity as ""close-knit"" and ""honest"". This tells me that the author was very similar to his community and loved all of them and was grateful his parents took their time to make his life the best they could. The mood is lastly @CAPS5. In @CAPS3 @NUM3 it says his community ""extended a hand to people who were clearly in need."" @CAPS4 calls his parents actions of coming to @LOCATION1 ""courageous."" @CAPS4 takes pride in his Cuban family and @ORGANIZATION1 and all of the immagrants @CAPS4 grew up around, which tells me @CAPS4 knows they accomplished a big feat in their lives. Those are the moods set by the author.","[{'A': 0.0, 'B': 5.0, 'C': 25.0, 'D': 50.0, 'F': 20.0}, {'A': 0.0, 'B': 5.0, 'C': 30.0, 'D': 50.0, 'F': 15.0}, {'A': 0.0, 'B': 5.0, 'C': 45.0, 'D': 40.0, 'F': 10.0}]","['A: 0\nB: 5\nC: 25\nD: 50\nF: 20', 'A: 0\nB: 5\nC: 30\nD: 50\nF: 15', 'A: 0\nB: 5\nC: 45\nD: 40\nF: 10']","[np.float64(nan), np.float64(nan), np.float64(nan)]","[np.float64(nan), np.float64(nan), np.float64(nan)]"
9319,"Minfong Ho concluded Winter Hibiscus with that paragraph to show hope and renewal for the character Saeng. Spring represents birth and renewal, a second chance for Saeng. She had previously failed what seems to be an important test (perhaps her citizenship test), and motivated her to try and remember her past, which she sorely misses. The winter hibiscus seems to represent herself, and this illustrates it: its-its not a real one, Saeng mumbled she was still too shaky to say the words at home, lest she burst into tears again. Not like the kind we had before I know her mother said quietly' 'its flowers arent as pretty, but its strong enough to make it through the cold months here, this winter hibiscus. That is what matters. This describes Saengs position perfectly  she is not the same, as happy as she once was, but she can make it through the hard times, and can bloom in the spring to take the test again. This shows the purpose of the last paragraph in winter hibiscus to show the renewal and hope that Saeng will experience.","[{'A': 10.0, 'B': 60.0, 'C': 20.0, 'D': 10.0, 'F': 0.0}, {'A': 10.0, 'B': 40.0, 'C': 40.0, 'D': 10.0, 'F': 0.0}, {'A': 10.0, 'B': 60.0, 'C': 20.0, 'D': 10.0, 'F': 0.0}]","['A: 10\nB: 60\nC: 20\nD: 10\nF: 0', 'A: 10\nB: 40\nC: 40\nD: 10\nF: 0', 'A: 10\nB: 60\nC: 20\nD: 10\nF: 0']","[np.float64(nan), np.float64(nan), np.float64(nan)]","[np.float64(nan), np.float64(nan), np.float64(nan)]"
10270,"The author ends the story with When they come back, Saeng vowed silently, in the spring, when the snow melt and the geese return and this hibiscus is budding, then I will take that test again to show a comparison. Since the plant reminds her of home, when it buds she will be more confident to take the test. When she was looking at the petals of the flower it said, Gently she closed her palm around it and held it tight. That, at least she could hold on to. This shows that she really missed her home, and she had nothing to give her confidence. The flower is the piece of confidence she needs to feel at home and even pass her drivers test. Saeng felt out of place in her new environment. The flower hibiscus, gave her motivation. It gave her a chance to connect with a part from her old home, in her new home. Saeng thinks, And that rich sweet scent- that was familiar too. This shows that this flower was a sentimental importance, she needed. Therefore, the author ended with that paragraph to show a comparison and the importance of the flower to her adapting.  ","[{'A': 10.0, 'B': 40.0, 'C': 40.0, 'D': 10.0, 'F': 0.0}, {'A': 15.0, 'B': 50.0, 'C': 30.0, 'D': 5.0, 'F': 0.0}, {'A': 5.0, 'B': 30.0, 'C': 45.0, 'D': 15.0, 'F': 5.0}]","['A: 10\nB: 40\nC: 40\nD: 10\nF: 0', 'A: 15\nB: 50\nC: 30\nD: 5\nF: 0', 'A: 5\nB: 30\nC: 45\nD: 15\nF: 5']","[np.float64(nan), np.float64(nan), np.float64(-476.1627470860923)]","[np.float64(nan), np.float64(nan), np.float64(176.67598281616102)]"
3503,"Censorship is a contraversal topic. Some believe that it is necessary others would disagree. My personal opinion would be that censorship is not necessary. Everyone is entitles to what they believe, and others have to have the maturity to accept that.     Censorship is not necessary because if you are offended by some material then don't read or listen to it. It is as simple as that. Everyone can be offended by something, so if everything was removed that was found to be offensive to someone there would be nothing left. If things were organized into sections that stated how offensive the material was then it is likely that almost everything would be in the offensive section.     Because censorship is contraversal there are many different thoughts on the subject. It ranges from no censorship to complete censorship, my view be just one of many. Censorship is truely just a matter of maturity and how a person goes about dealing with the material. The only person who can let you be offened is yourself, therefore censorship is not necessary in the library people just need to be mature about it.","[{'A': 0.0, 'B': 10.0, 'C': 70.0, 'D': 20.0, 'F': 0.0}, {'A': 5.0, 'B': 20.0, 'C': 50.0, 'D': 20.0, 'F': 5.0}, {'A': 0.0, 'B': 10.0, 'C': 70.0, 'D': 20.0, 'F': 0.0}]","['A: 0\nB: 10\nC: 70\nD: 20\nF: 0', 'A: 5\nB: 20\nC: 50\nD: 20\nF: 5', 'A: 0\nB: 10\nC: 70\nD: 20\nF: 0']","[np.float64(nan), np.float64(-478.2892142331043), np.float64(nan)]","[np.float64(nan), np.float64(351.1407490790978), np.float64(nan)]"
4022,"Everywhere I go, there always seems to be something, small or big, that can be considered offensive. Because of these offensive things, there is often censorship in public places. It is acceptable to view non-noncensored materials at your own disgression and privacy, but not very acceptable to do so in public. I believe that censorship is necessary in libraries because of the wide range of audiences, the public materials, and the opinions of certain people.      Libraries are considered public places and have a wide range of audiences. Whether it be children, teens, adults, or elders, some things are inappropriate and should not be accessible to certain people. This is directed mainly to children, however. Like the quote mentioned, 'All of us can think of a book that we hope none of our children or any other children have taken off the shelf.' @CAPS1 put these offensive books in libraries then? Censorship will block out inappropriate parts of books, movies, music, and magazines in order to make these materials more suitable for all age groups.      Because libraries are considered public places, their materials are considered public property. Everyone has the right to these materials. However, not every library will have the book, magazine, or movie you could be searching for due to the fact that it @MONTH1 contain profanity, or inappropriate content. Some people @MONTH1 be against censorship in libraries, but there often is not censorship in bookstores, movie stores, music libraries, etc. If you desire a certain non-censored material, then go purchase it. That way the material will no longer be public, but rather your own and you can do with it whatever you choose.      We now live in a world where everyone voices their opinion freely and you can not be punished for doing so. Libraries are targeted toward every age group and censorship just allows everything to be appropriate for everyone. Certain parents do not allow their children to read certain books, view certain movies, or listen to certain music and this is just because it is their opinion and their parenting. Some parents, on the other hand, do allow their children to partake in inappropriate materials, and that is perfectly fine, because it is their parenting and their children. However, libraries should not have the right to introduce inappropriate things into the lives of children; that should be the decision of the parents or gaurdians.      In conclusion, censorship should be allowed in libraries because of the wide-range audience, public materials, and the strong opinions of the people. Everyone deserves to read, watch, and listen to whatever they choose, but not everyone deserves to be around inappropriate things in public places. Not everyone can be happy, but everyone can be appropriate","[{'A': 5.0, 'B': 60.0, 'C': 30.0, 'D': 5.0, 'F': 0.0}, {'A': 20.0, 'B': 50.0, 'C': 20.0, 'D': 10.0, 'F': 0.0}, {'A': 10.0, 'B': 60.0, 'C': 25.0, 'D': 5.0, 'F': 0.0}]","['A: 5\nB: 60\nC: 30\nD: 5\nF: 0', 'A: 20\nB: 50\nC: 20\nD: 10\nF: 0', 'A: 10\nB: 60\nC: 25\nD: 5\nF: 0']","[np.float64(nan), np.float64(nan), np.float64(nan)]","[np.float64(nan), np.float64(nan), np.float64(nan)]"
21289," I once learned something very valuable in school. I didn't learn it in a class room, or even form a book. I learned this lesson in a hallway near the copy room. One @MONTH1 be prompted to ask, what kind of lesson could you possibly learn in a hall? All I will tell you is this, it's not one I'll be forgetting any time soon.  In order to completely understand what exactly I was doing roaming the halls and learning lessons, you're going to need a little bit of background. I was in my third period class; which was leadership at the time. Leadership isn't really your conventional class from the perspective of an outsider. Kids running about the school like loose mice @MONTH1 give off an appearance of impropriety, but an appearance is all it was. We weren't doing anything bad, it's just that most of the time you would have to leave the class room in order to do what needed to be done that day. Leadership directly preceded myleast favorite class of the day, @CAPS1 @CAPS2. I simply detested that class. I had been in @CAPS1 classes ever since I was in kindergarten at @ORGANIZATION1. I was a sophomore at the time and that language had been bugging me for the past ten years. It wasn't that I was bad at it or anything because really, I wasn't. I just had a strong contempt for @CAPS1 class. The teacher always gave me a hard time, probably because I had a big mouth and I tended to talk a lot. She was that type of person who had @CAPS10 posture and was a stickler for the rules. The the type of person you could see wielding a yard stick as a deadly weapon.  In leadership that specific class period, the teacher was taking a particularly long time explaining what we were supposed to do that day. He sometimes did this, he was famous for being long winded. He could take the entire @NUM1 minute class period just talking about an assignment that would have taken ten minutes to do. That day however, we weren't doing an assignment. At least not what a normal person would consider to be your typical assignment. Another girl from the class, @CAPS5; and myself were working on a special project. We had to retrieve something very important from my car. We waited for the teacher to finish talking and asked if we could go, he said yes. We walked out the double doors of the classroom and into the main hallway, we then proceeded on down toward the parking lot. As we were walking we passed by the office doors, the @CAPS6 hall, and the library. Just as we were about to walk by the copy room door, I saw @PERSON2. @PERSON2 was in my @CAPS1 Two class the year before and I thought that I would say hi to him. I did, I then asked if he was taking @CAPS1 @CAPS2 that year. He replied with a no. I told him, ""@CAPS10 thing, because @CAPS1 @CAPS2 sucks!"" I didn't know it at the time, but I would be eating those words by the truck load in just a short while. Not five seconds after I had said that to @PERSON2, @CAPS5 was tugging on my shirt sleeve trying to get me out of the building. I told her to calm down and that it was rude to interrupt people when they are talking.  After I had said bye to @PERSON2, @CAPS5 hurried me out the door and she burst into laughter. I was taken-aback by her sudden outburst of laughter and questioned her as to what she was laughing about. It was right then that @LOCATION1, my @CAPS1 teacher, poked her head out the door and said to me in her thick accent, ""@PERSON1, I hear you don't like my class!"" I must have been as red as a tomato. I just stood there with the dumbest look on my face. The kind of look that jumps on your face when you wish you had a rewind button for your mouth. I looked over my right shoulder just in time to see @CAPS5 gasping for air because she was laughing so hard. I redirected my attention to @LOCATION1, she was just standing there with an angry face covering up the laughter that was trying to break through. There I was, not ten steps away from my car and I, for once, had nothing to say. The lesson I learned that day was to never insult an alligator until you've crossed the river. Or at least make sure the alligator isn't in the next room. Especially if the alligator teaches your next class. ","[{'A': 0.0, 'B': 0.0, 'C': 5.0, 'D': 55.0, 'F': 40.0}, {'A': 5.0, 'B': 15.0, 'C': 50.0, 'D': 25.0, 'F': 5.0}, {'A': 5.0, 'B': 15.0, 'C': 50.0, 'D': 25.0, 'F': 5.0}]","['A: 0\nB: 0\nC: 5\nD: 55\nF: 40', 'A: 5\nB: 15\nC: 50\nD: 25\nF: 5', 'A: 5\nB: 15\nC: 50\nD: 25\nF: 5']","[np.float64(nan), np.float64(-480.1118541161057), np.float64(-480.1118541161057)]","[np.float64(nan), np.float64(857.2574350366568), np.float64(857.2574350366568)]"
20963,"                 Laughter at its @CAPS1  Laughter is one ability that everyone in the world has. Not only does it help you make more friends, but it can also turn your day all the way around. The capability to laugh is a huge importance in this world. Without laughter, days would be dull, sad, and somewhat depressing. When I see someone laugh, it brightens my day, makes me smile, and causes me to laugh along with them. By laughing we become happier, learn more about others, and make our bad days better. I have experienced, first hand, the joys laughing can bring after I have had a bad moment, and that is why I believe that laughter is extremely important to have and to keep in your life.  Not everyone can have a great day all the time. Bad days occur, and when they do, seeing one funny incident and laughing about it is what can turn the whole day around and make it great. Many people hear the statement, ""Laughter is the shortest distance between two people,"" or a statement similar to that one and will never agree with it. Often times we will scoff and disagree completely. It turns out that I used to be one of those people myself. Most days were not the @CAPS1 they could be, plus having to go to school all day long ruined it a little more. People kept telling me that if I laughed once in a while then I might feel better more often, and I @MONTH1 actually have fun when I participated throughout the day. I never believed them, and why should I? How could one action as simple as laughing change the way I feel about everyday life? The possibilities were just to unlikely. I didn't think I'd change my views on it either, until a few years ago.  It started off like any usual day would, not so great. My hair was a mess, my sister @PERSON1 and I could not stop fighting, and my brand new phone broke right as we started our shopping trip to @LOCATION1. I had decided that the day was going to be horrible because so far, nothing had worked out well. As the day went on, nothing worse happened, but nothing better did either. @PERSON1 and I kept traveling around, going to stores, and shopping. Finally, at our last stop we saw a situation occur. As we were sitting at a stop light, waiting for traffic to move, I spotted a strange man sitting across the road all by himself. The man looked as though he had an injury on his foot, and our suspicions were confirmed when he began walking like a hurt penguin would, barely shuffling his feet and bobbing up and down as he moved forward. The sight of this man made me smile, and when I pointed him out to @PERSON1 she started laughing uncontrollably. Then I too, began cracking up. The man with his crazy way of walking had made me laugh had proceeded to turn my entire day around. What I thought was impossible turned out to be the exact opposite, possible. Laughing could bring you closer to others and make your day more amazing.  As a result of my trip with my sister that day, my views and beliefs about laughing were changed greatly. Laughter actually was the shortest distance between two people. Even though my little sister and I were arguing before the funny man came, after we were done laughing about him we realized that in the span of a few minutes we had become closer than ever before. It is crazy to think that one incident can change your mind about some of your strong beliefs, but it happened, and that day is now a memory that I am going to keep with me forever. I'm happy it happened because as a result of it I have begun to think differently about laughter and the effect it can have on certain situations in my life. I now think of laughter as one of the greatest pastimes to have and do it quite often.","[{'A': 40.0, 'B': 40.0, 'C': 15.0, 'D': 5.0, 'F': 0.0}, {'A': 60.0, 'B': 30.0, 'C': 10.0, 'D': 0.0, 'F': 0.0}, {'A': 60.0, 'B': 30.0, 'C': 10.0, 'D': 0.0, 'F': 0.0}]","['A: 40\nB: 40\nC: 15\nD: 5\nF: 0', 'A: 60\nB: 30\nC: 10\nD: 0\nF: 0', 'A: 60\nB: 30\nC: 10\nD: 0\nF: 0']","[np.float64(nan), np.float64(nan), np.float64(nan)]","[np.float64(nan), np.float64(nan), np.float64(nan)]"
4711,"Censorship in the @CAPS1     @CAPS2, what is offensive to some @MONTH1 not be to others. So how do we know when expressing ourselves in an artistic manner that we've gone to far? We don't and thats why censorship is such a controversial topic.      In the music industry recently there has been messages in songs and music videos that aren't the best suited for teenagers. Being a teenager is a time of constant turmoil in one's life, you are required to make decisions that will define you as a person. When songs out there are about drug use and other crimes teens see them as cool things and follow along cause they see them as everyday activities that can do no harm but little do they know that they are wrecking their life by doing this, so I somewhat agree with censorship in that kind of thing.     In literature and art things take a more serious tone than in music and other media. With literature it's about conveying ones thoughts and feelings about a story or other subject. In art you express yourself vissually on a canvas or abstractly through other materials and forms, but in both ways you express your feelings and emotins. So censoring these would in turn censor one voice and emotions. When you take away a man's voice and emotions you are left with an empty shell of a person who will never know life to the fullest.     As time has changed I have found that people have also changed. When @PERSON1 uses the '@CAPS3-word' in some of his literary works it didn't offend people at the time, but now times have changed. Now it's not ok that @PERSON1 used this word but on the other hand it's ok for rappers and others to say it every other word in their music. so how do we know what's offensive and what's not? well it's all from the reader, listener, or viewer's point of view.     These days parents try to sheild their children from the outside world and make it seem that it's all rainbows and butterflies by censoring things the children might be subject to read, hear, or see in their day to day lives. This does not solve the problems in the world there will always be war, crime, and death no matter how hard we try to stop it as long as there's 'good' there will always be 'bad'.     All loyalties aside in my honest opinion I believe censorship in the @CAPS1 is a bad idea and will never work to solve actual problems with the world. It will just cover them up just like the dialouge or image they so badly want to go away.","[{'A': 0.0, 'B': 10.0, 'C': 50.0, 'D': 30.0, 'F': 10.0}, {'A': 5.0, 'B': 30.0, 'C': 50.0, 'D': 10.0, 'F': 5.0}, {'A': 0.0, 'B': 10.0, 'C': 40.0, 'D': 40.0, 'F': 10.0}]","['A: 0\nB: 10\nC: 50\nD: 30\nF: 10', 'A: 5\nB: 30\nC: 50\nD: 10\nF: 5', 'A: 0\nB: 10\nC: 40\nD: 40\nF: 10']","[np.float64(nan), np.float64(-485.83808925473903), np.float64(nan)]","[np.float64(nan), np.float64(204.40529523322806), np.float64(nan)]"
20721,"Well ima tell a story about the time i got @CAPS3 down town. When i was heading down town to go meet some body it was cold,dark and just creepy. So on my way there i thought i went to far so i got the bus and was like were am i? I was counfused and like what the heck. Then i ask some one were am i at, the man said your down town i said i know just never mind i walked away kind mad like ugh. So i just called thenm and see were she was at the phone rings then she pick up. Were are you i said, she said down tonw i was like oh my gosh i know but never mind she was like were you at then i said some were in down town. Then she said stupid @CAPS2 on the bus and come down more so i waited for like @NUM1 then the bus comes and i was glad. Then i called her sayin im on the bus on the way she said okay @CAPS1 @CAPS2 @CAPS3 she said i was laughing and said okay i wont. When i @CAPS2 there they laughed at me and i was just like thats not funny i coulda got snacked or raped or it coulda been even more bad. Well thats what you @CAPS2 they said i was like yea yea i know whatever lol. Later that night was like i wont some candy so they showed me ow to @CAPS2 to the store is at so i was like ima go and the last words i heard i heard was @CAPS1 @CAPS2 @CAPS3! i smiled. Well on my way to the store i was cold and listing to music then i @CAPS2 to the store and look around then my phone rings. Hello i said it was that girl she said i just wonted to make shure your not @CAPS3 i said i got this im not gonna @CAPS2 @CAPS3. @NUM2 mins laster im walking out and was looking around like were am i?? i was like oh no not this again i just started to walk the way i came from and didnt see the hose so i went the othere way and i was like gosh im @CAPS3 again? yeah i am. so i didnt wont her to know i was @CAPS3 so i didnt call her and tried to find my own way back but i couldnt so i just tried to think then @NUM3 mins went by she callled. Sooo... darrio she said i answer whats hannin she said you @CAPS3 huh? i laughed no why you say that i asked she was like im looking at you and your going the wrong way i looked back and started to laugh. She came up to me and said you was @CAPS3 i said no i was just getting some air she was like yeah okay darrio you was with a smile i was thinking lke next time ima ask her to come with me i smiled. When we got to her house they laughed again and i just said okay i got @CAPS3 and we all laughed for like @NUM4 mins then just chill. Then i was like its hot in here then i open the wendow they said its cold so i was like okay i closed the window back and went out side for a min. My phone rings i pick up the girl said @CAPS1 @CAPS2 @CAPS3 i was like shut up im not im on the front porch she said soo... your slow you might @CAPS2 @CAPS3 still i laughed and hung up and went in said and we all laughed. Then that hole night was about me getting losted and not know were i was going and yeah thats it.","[{'A': 0.0, 'B': 0.0, 'C': 0.0, 'D': 5.0, 'F': 95.0}, {'A': 0.0, 'B': 0.0, 'C': 0.0, 'D': 5.0, 'F': 95.0}, {'A': 0.0, 'B': 0.0, 'C': 0.0, 'D': 5.0, 'F': 95.0}]","['A: 0\nB: 0\nC: 0\nD: 5\nF: 95', 'A: 0\nB: 0\nC: 0\nD: 5\nF: 95', 'A: 0\nB: 0\nC: 0\nD: 5\nF: 95']","[np.float64(nan), np.float64(nan), np.float64(nan)]","[np.float64(nan), np.float64(nan), np.float64(nan)]"
7571,The features effect the setting of the story in a big way. At the beginning of his ride there are people around and he has no troubles. After he talks to the old men and starts on his ride to the @NUM1 town there is no one around. There are no buildings in site at all and no source of water. Since there was no one around his confidence of actualy completing the trip begar to go down. Once he arrived at the first town he noticed that it was an old town and no one was there anymore. This made him mad and his confidence dropped a lot. Once he reached the next building he noticed that there was no one there either and then thought hed never make it and that he die. Once he reached the final place it was a more occupied setting. There were people around. He then began to feel relieved that he could get water. The setting with no one around make him lose a lot of confidence.,"[{'A': 0.0, 'B': 5.0, 'C': 25.0, 'D': 50.0, 'F': 20.0}, {'A': 0.0, 'B': 5.0, 'C': 40.0, 'D': 50.0, 'F': 5.0}, {'A': 0.0, 'B': 5.0, 'C': 40.0, 'D': 50.0, 'F': 5.0}]","['A: 0\nB: 5\nC: 25\nD: 50\nF: 20', 'A: 0\nB: 5\nC: 40\nD: 50\nF: 5', 'A: 0\nB: 5\nC: 40\nD: 50\nF: 5']","[np.float64(nan), np.float64(nan), np.float64(nan)]","[np.float64(nan), np.float64(nan), np.float64(nan)]"
3032,"In my opinion, books, movies, magazines, ect., should not be taken off the shelves if they are offensive to some people. this is because everyone has different views on everything. Another reson is because for learning purposes in schools and etc. As well as authors would not want to be writting books because the books shelves are empty and their books, movies, magazines are getting rejected.     Since most people have different veiws on everything then,   every book or magazine would be taken off the shelf if they were offensive because, therefore, there would not be any book or magazine left on the shelf. This is because people think different things are offensive so what somebody thinks is offensive it @MONTH1 not be to another person. Therefore people would be angered or upset if their favorite book was taken off the shelf because someone said it was offensive.      Another problem with taking 'offensive' books of the shelf is that it would be a result in people not learning in schools and ect. This is because we all have to go through some point in school where we find something offensive for example wars, slavery, and politics. If all these books were to be taken off the shelves then nobody would be learning about any of this. In conclusion noboby would be being taught why these events happened and  why these events are wrong, so people would not have changed, they would keep doing these things because they were not taught not to. This in my opinion would cause alot of conflict between people and nobody would be educated on these events of history.      On the other hand rather than books being taken off the shelf books would not be being put on the shelfs. In this I mean that authors, producers, would not be making movies or writting books because their work just keeps getting rejected. Not only rejected but nobdy is going to go through the time and effort to make one of these for it to be rejected because it was offensive. In my opinion it would almost be impossible for these authors/ directors to make a unoffensive book or movie for everyone that is going to read or watch it.      In conclusion I have read many books in class every year that offends at least one person, but this person can choose not to finish the movie, book, or magazine if they find it offensive, or they never have to read it again. In conclusion there are many reasons why books should stay on the shelf even if they are offensive to someone. This is because it would not help with people being educated on events that happened, and people would not be reading any books in school. As well as authors would not be writting since their books are getting removed and the shelves are empty","[{'A': 0.0, 'B': 10.0, 'C': 50.0, 'D': 30.0, 'F': 10.0}, {'A': 5.0, 'B': 30.0, 'C': 45.0, 'D': 15.0, 'F': 5.0}, {'A': 5.0, 'B': 30.0, 'C': 45.0, 'D': 15.0, 'F': 5.0}]","['A: 0\nB: 10\nC: 50\nD: 30\nF: 10', 'A: 5\nB: 30\nC: 45\nD: 15\nF: 5', 'A: 5\nB: 30\nC: 45\nD: 15\nF: 5']","[np.float64(nan), np.float64(-476.1627470860923), np.float64(-476.1627470860923)]","[np.float64(nan), np.float64(198.41478103541237), np.float64(198.41478103541237)]"
15398,"There would have been many obstacles the builders of the @ORGANIZATION1 would have had to face if the decided to allow dirigibles (blimps) to dock there. ""Most dirigibles from out side the United States used hydrogen rather than helium, and hydrogen is highly flammable."" On @DATE1, the German dirigible Hindenburg was destroyed by fire in @LOCATION3, New Jersey. the owners realized how much worse it would have been is a place such as New York City.Another big obstacle would have been nature itself. ""The winds on top of the @ORGANIZATION1 were constantly shifting due to violent air currents."" If the dirigible was tied to the mooring mast the back of the ship would move around, making it hard for pedestrians to get on and off. If they had weighed it down with a lead wieght then there would be a heavy piece of lead hanging over the pedestrians of New York City.The final obstacle that biulders of the empire state @ORGANIZATION1 would have had to face ""was an existing law against airships flying too low over urban areas"". This law would not allow the dirigibles to dock on top of the @ORGANIZATION1. They would not even be allowed to approach the @ORGANIZATION1.","[{'A': 10.0, 'B': 60.0, 'C': 25.0, 'D': 5.0, 'F': 0.0}, {'A': 50.0, 'B': 40.0, 'C': 10.0, 'D': 0.0, 'F': 0.0}, {'A': 10.0, 'B': 60.0, 'C': 25.0, 'D': 5.0, 'F': 0.0}]","['A: 10\nB: 60\nC: 25\nD: 5\nF: 0', 'A: 50\nB: 40\nC: 10\nD: 0\nF: 0', 'A: 10\nB: 60\nC: 25\nD: 5\nF: 0']","[np.float64(nan), np.float64(nan), np.float64(nan)]","[np.float64(nan), np.float64(nan), np.float64(nan)]"
6145,"The features of the setting affect the cyclist with his train of thought. On page @NUM1 it says, I had been hitting my water bottles pretty regularly, and I was traveling through the high deserts of California in June. This gives a sence of heat and foreshadows maybe the lack of water hell have later on. As he passes a snake, trying to keep my balance in my dehydrated state. So the cyclist is most likely begin to feel dizzy and begins to loose hope. On page @NUM2 he says, I could drop from heatstroke meaning hes starting to think of the worse possible things that could happen. Which effects him because hes beginning to loose hope and  thinks hes not going to make it. On page @NUM3, he says, I was going to die and the birds would pick me clean By this point the conditions he was having were rough and making him worry. This is how the features of the setting affected the cyclist throughout the story.","[{'A': 0.0, 'B': 0.0, 'C': 10.0, 'D': 50.0, 'F': 40.0}, {'A': 0.0, 'B': 0.0, 'C': 10.0, 'D': 50.0, 'F': 40.0}, {'A': 0.0, 'B': 0.0, 'C': 10.0, 'D': 50.0, 'F': 40.0}]","['A: 0\nB: 0\nC: 10\nD: 50\nF: 40', 'A: 0\nB: 0\nC: 10\nD: 50\nF: 40', 'A: 0\nB: 0\nC: 10\nD: 50\nF: 40']","[np.float64(nan), np.float64(nan), np.float64(nan)]","[np.float64(nan), np.float64(nan), np.float64(nan)]"
1321,"Dear newspaper readers, @CAPS1 this! Sitting at home on the couch eating a bag of potato chips. The @CAPS2 shows a beautiful picture of the @LOCATION1 you can almost feel the rain falling on you, you really want to learn more about it. All of a sudden you watch the remote fall to the ground you hand eye coordination is so bad you totally miss it when you try to grab it. On top of that, you remember you were supposed to meet your sister today who you seen for years but you cant! if you had a computer you would be to learn about more places and people, it would improve your hand eye coordination, and you could interact with people without having time to meet them! Computers definitely have good effects on people! First, computers help to improve hand-eye coordination. It is a fact that people who own one or more computers in a household have better hand-eye coordination than people without computers! Dont you want good hand-eye coordination too? As a matter of fact, my friend @PERSON4 had the worst hand-eye coordination in our school, now that her parents have bought her a computer, she is a lot quicker and definitely has better hand-eye coordination. She said that just looking at the screen and she wanted to go helped a lot. Also, computer time can states that computers have been proven to improve hand-eye coordination in the course of a year. that sounds pretty simple to me! Next, computers also  allow people to learn about other faraway places and people. Local middle school teacher, @PERSON2, uses computers to teach her students about the @CAPS3 culture and geography. That sounds a lot more interesting than just talking! My cousins saw an article about @LOCATION3 once and they thought it was amazing they learned a lot about the culture there and actually took a trip there! Furthermore, vacations.com says that computers are the #@NUM1 cause of people traveling, because they see pictures and articles about places. You can learn about any place you want on a computer, doesnt that sound nice? Im sure there is one place youve always wanted to learn about! Finally, computer allow people to interact with other people around the world You can talk with your long lost friend who lives in @LOCATION2 just by the click to the mouse,(send). In a recent study, over @PERCENT1 of people just talk online to their friends rather than going out to meet them. How convenient! Also, expert computer teacher, @PERSON1, says, Computers are geat inf you can't meet someone, you just talk online. Have you ever needed to cancel a meeting? Computer are really beneficial to busy people. Now readers, @CAPS1, your sitting on that same couch you look at the @CAPS2 to see @LOCATION1, you quickly type it into your laptop and an article right in front of you read more about it learning something new in every paragraph. All of a sudden you lose your grip, but you catch your laptop just in time, what hand-eye coordination! Then you remember you were supposed to meet you sister @PERSON3, but you have a hair appointment. You quickly tell her via computer you cant meet her. She says its alright and you guys keep chatting it all worked out! Its so simple! Computers teach hand-eye coordination, let you learn about more places, and interact with more people. So what are you doing readers? Get out there and get a computer.","[{'A': 5.0, 'B': 30.0, 'C': 45.0, 'D': 15.0, 'F': 5.0}, {'A': 5.0, 'B': 20.0, 'C': 40.0, 'D': 30.0, 'F': 5.0}, {'A': 10.0, 'B': 35.0, 'C': 40.0, 'D': 10.0, 'F': 5.0}]","['A: 5\nB: 30\nC: 45\nD: 15\nF: 5', 'A: 5\nB: 20\nC: 40\nD: 30\nF: 5', 'A: 10\nB: 35\nC: 40\nD: 10\nF: 5']","[np.float64(-476.1627470860923), np.float64(-469.74168451037093), np.float64(-470.4502317607524)]","[np.float64(0.0), np.float64(11.503749927884378), np.float64(5.1371096818716175)]"
7276,"In the essay Rough Road ahead by Joe Kurmaskie, the cyclist had many changes due to the setting of what was around. The cyclist was lost in the dessert. This affected him a lot because the desert is very hot. He could have died from either dehydration or exhaustion. Also, in the desert some animals can be very dangerous on the cyclist journey, he saw a poisonous snake. It was a good thing that he was cautious around the snake because if he wouldnt have been, he might have gotten bitten and there would be no one around to help him. The desert that he was in. also happened to be desserted and there was no one around to help him with the directions. The worst thing would have to be that he ran out of water. Without the water, he could become very weak and dehydrated.  and could have even died. The setting of where the cyclist was affected him greatly.","[{'A': 0.0, 'B': 5.0, 'C': 30.0, 'D': 50.0, 'F': 15.0}, {'A': 0.0, 'B': 5.0, 'C': 45.0, 'D': 45.0, 'F': 5.0}, {'A': 0.0, 'B': 5.0, 'C': 30.0, 'D': 50.0, 'F': 15.0}]","['A: 0\nB: 5\nC: 30\nD: 50\nF: 15', 'A: 0\nB: 5\nC: 45\nD: 45\nF: 5', 'A: 0\nB: 5\nC: 30\nD: 50\nF: 15']","[np.float64(nan), np.float64(nan), np.float64(nan)]","[np.float64(nan), np.float64(nan), np.float64(nan)]"
15534,"In the short story of ""The Mooring Mast."" by Marcia Amidon Lüsted describes three obstacles of the builders of the Empire State Building faced for the attemption to allow dirigibles to dock there. Two resons were safty. The first ""Most dirigibles from outside of the United States used hydrogen rather than helium, and hydrogen is highly flammable"". A flammable ship above a ""densely populated area such as dowtown New York could result in desistiar. The second safty reson was due to ""The winds on top of the building were constantly shifing due to Violent air currents."" Dirigibles ""dangling high above pedestrians on the street, was neither Practical nor safe."" The final obstacl the Empire State Building faced was Law. ""An existing law against airships flying too low over urban areas."" ""This Law would make it illegal for a ship to ever tie up to the buildings or even approach the area."" The Law and to safty obstacles the builders of the Empire' State Building faced would not allow any attempts for dirigibles to dock there.","[{'A': 0.0, 'B': 5.0, 'C': 45.0, 'D': 45.0, 'F': 5.0}, {'A': 0.0, 'B': 5.0, 'C': 45.0, 'D': 40.0, 'F': 10.0}, {'A': 5.0, 'B': 15.0, 'C': 40.0, 'D': 30.0, 'F': 10.0}]","['A: 0\nB: 5\nC: 45\nD: 45\nF: 5', 'A: 0\nB: 5\nC: 45\nD: 40\nF: 10', 'A: 5\nB: 15\nC: 40\nD: 30\nF: 10']","[np.float64(nan), np.float64(nan), np.float64(-463.51612202118827)]","[np.float64(nan), np.float64(nan), np.float64(187.1346076502951)]"
4447,"There are all kinds of books, movies, and even magazines out there. Most libraries have a huge selection for all types of readers or people who would like to watch a movie. They could even have stuff that the young minds should not read. Have you ever thought about what would happen if a little kid grabbed onto something that he/she was not supposed to read? When it comes to things like this, there is a huge range of topics. Some of them are not supposed to be looked at until an older age. Thats why I think there should be a certain section where only a certain amount of ages are allowed to go.     When it comes to books, there will always be some books that are not apporbiate for the young mind. They could include multiple things that could scar a kid for life. Some of the things that they might read are probably things that their parents would like to talk to them about later on in the future. Books are great for learning, dont get me wrong, but there are some that are more adult related. Now there are a ton of books that kids can read and parents won't need to worry about them reading.     Another way libraries can help is put the movies in a certain section. The library could make a section called 'family and kids'. This section would hold a perfect spot where parents wouldn't have to worry about their kids getting the wrong ideas from movies. In our library, we have this section. My grandma and I would always go there and find an incredible family movie to watch together. Finding a great family movie to watch is the best feeling ever.     Finally the last way a library could help is by making sure the child is old enough to check out a book or a movie. Clearly a child of @NUM1 shouldn't check out a movie that is rated @CAPS1, thats just wrong. Libraries should make sure the child is at the correct age to check out the movie. Thats why the movie companys rate movies, so they can give people heads up about whats good and bad about the movie. Also the libraries should make sure a kid is checking out the apporbiate type of magazine or book. The people that work there could look through it before and make sure its the right type of book they should read. There are an infinte amount of ways we can protect the minds of young ones.     I dont think libraries should banned books, magazines, movies, or even music. I think they should just make sure the kids are checking out what their allowed to read. Books are a great way to learn things, but they should be learning about the stuff that is sustable for their age. Libraries are there for us to learn and enjoy ourselves. I believe people would get upset if they would banned the stuff they love. They should just keep an eye out of what kids are looking at. Thank you for your time.","[{'A': 20.0, 'B': 50.0, 'C': 20.0, 'D': 10.0, 'F': 0.0}, {'A': 10.0, 'B': 50.0, 'C': 30.0, 'D': 10.0, 'F': 0.0}, {'A': 10.0, 'B': 50.0, 'C': 30.0, 'D': 10.0, 'F': 0.0}]","['A: 20\nB: 50\nC: 20\nD: 10\nF: 0', 'A: 10\nB: 50\nC: 30\nD: 10\nF: 0', 'A: 10\nB: 50\nC: 30\nD: 10\nF: 0']","[np.float64(nan), np.float64(nan), np.float64(nan)]","[np.float64(nan), np.float64(nan), np.float64(nan)]"
1057,"Dear local newspaper, @DATE1 I am going to write to you about if I think computers are a good idea or not. Yes, I do think computers are @CAPS12 awesome idea. I think this because @CAPS1 @CAPS2, you use computers for school projects. Next @CAPS2, it is @CAPS12 easy way to make friends from other towns. Last @CAPS2, you @CAPS10 @CAPS11 @CAPS12 @CAPS13. Yes, the electric bill could be higher, but for a good cause. You @CAPS10't just assume computers are bad for us, you might be surprised. @CAPS1 @CAPS2, I am going to explain to you why we need computers to do projects. Well, I @CAPS5 from personal experience, my social studies teacher always likes you to type your final draft. Also, using a computer makes your projects easier because @CAPS3 @CAPS4 fixes your mistakes, and @ORGANIZATION1 finds everything you need. I find it much more easy to use a computer for projects and I @CAPS5 all of my friends think it is also. If you aren't persuaded yet, keep reading because I @CAPS5 you will be eventually! Next @CAPS2, I am going to talk to you about making friends just with a computer. I @CAPS5 that parents these days are really happy when you have come home and made new friends. Just by using a computer you could easily go online, search friends you want to @CAPS11 to @CAPS5 better, and chat with them. (to make sure they are who you think!) The other day my friend @PERSON1 came up to me and said meet my friend @CAPS6 I met online! I was really happy for her and realized computers are helpful. Everybody needs friends that are there for them, and computers are the perfect conclusion for that! Last @CAPS2, I am going to talk to you more about why and how you could @CAPS11 @CAPS12 @CAPS13. Do you @CAPS5 what @ORGANIZATION1 is? You @CAPS10 search @CAPS7 on @ORGANIZATION1! If you really wanted to @CAPS5 something and you were really curios you could search on @ORGANIZATION1! This is a great way to @CAPS11 educated. Also, computers help you with @CAPS12 @CAPS13 because everytime you are on @CAPS3 @CAPS4 typing a random story it will fix your mistakes, and you will learn off of these mistakes. So, to sum up this paragraph, a computer is @CAPS12 easy way to @CAPS11 @CAPS12 easy @CAPS13, and YOU need to keep computers to see for yourself. In conclusion, I was asked to write a paper to you seeing if I would like to keep computers or not. By now you @CAPS5 that I would like to. In case you are iffy about my reasons, I will simply restate them. @CAPS1, you need a computer for projects. Second, you @CAPS10 make friends. Last, you @CAPS11 @CAPS12 @CAPS13. All of these things are a huge benefit in laer life. Don't forget YOU @CAPS10 @CAPS11 @CAPS12 @CAPS13! That is whta everybody would like! I @CAPS5 you will come through to yourself and agree. Thank you for listening to me.","[{'A': 0.0, 'B': 10.0, 'C': 40.0, 'D': 40.0, 'F': 10.0}, {'A': 0.0, 'B': 10.0, 'C': 40.0, 'D': 40.0, 'F': 10.0}, {'A': 0.0, 'B': 10.0, 'C': 40.0, 'D': 40.0, 'F': 10.0}]","['A: 0\nB: 10\nC: 40\nD: 40\nF: 10', 'A: 0\nB: 10\nC: 40\nD: 40\nF: 10', 'A: 0\nB: 10\nC: 40\nD: 40\nF: 10']","[np.float64(nan), np.float64(nan), np.float64(nan)]","[np.float64(nan), np.float64(nan), np.float64(nan)]"
18892,"Patience is one of the worlds most important lifeskills. Having my best friend live across the street is great. He has @NUM1 older sister, named @LOCATION1. @LOCATION1 was blessed with downs syndrom. This basically means she doesnt understand things as fast as you and I. You also can see it from the way she acts. @LOCATION1 is one of the happiest people I have ever met. Knowing @LOCATION1 as well as I do also comes with a downside. You need to be extremely patient. When talking to her, lots of people would give up and leave because she doesnt get it, but her closest friends have developed patient like no other kind. Having @LOCATION1 as my neighbor is one of the greatest things that could have happened. She has made me a master at one of the most important lifeskills. @LOCATION1 is a wonderful person and, I guess a great teacher, but when you are having a bad day, be grateful because not everyone is as blessed as you.","[{'A': 5.0, 'B': 15.0, 'C': 40.0, 'D': 30.0, 'F': 10.0}, {'A': 0.0, 'B': 5.0, 'C': 75.0, 'D': 20.0, 'F': 0.0}, {'A': 5.0, 'B': 15.0, 'C': 40.0, 'D': 30.0, 'F': 10.0}]","['A: 5\nB: 15\nC: 40\nD: 30\nF: 10', 'A: 0\nB: 5\nC: 75\nD: 20\nF: 0', 'A: 5\nB: 15\nC: 40\nD: 30\nF: 10']","[np.float64(-463.51612202118827), np.float64(nan), np.float64(-463.51612202118827)]","[np.float64(0.0), np.float64(nan), np.float64(0.0)]"
4269,"Censorship in libraries differ in certain areas. I personally love reading, and like all kinds of books. And I know that there are some books that I have read that my parents would not aprove of. But has that ever stopped me? Not exactly.     I think that after a certain age, people should be aloud to read whatever they want. I mean, if I ever thought I could not be mature enough to read a certain book. Then I will not get or read the book, it is that simple.      As far as music, movies, and magazines go that could be a different story. Music is for the most part like a book, just using a different one of your senses. And it is listened to, not read. Movies should be judged a little more carefully in my eyes, because movies are like show and tell. That could easily go wrong if children, teens, etc take it more than just a movie.      I think all things should not be judged by assumption. Everyone has different opinions and likes. So, therefore material should not be removed from shelves, if there are people that like/support what the book, movie, or music has to offer.","[{'A': 5.0, 'B': 20.0, 'C': 50.0, 'D': 20.0, 'F': 5.0}, {'A': 0.0, 'B': 10.0, 'C': 60.0, 'D': 30.0, 'F': 0.0}, {'A': 0.0, 'B': 10.0, 'C': 70.0, 'D': 20.0, 'F': 0.0}]","['A: 5\nB: 20\nC: 50\nD: 20\nF: 5', 'A: 0\nB: 10\nC: 60\nD: 30\nF: 0', 'A: 0\nB: 10\nC: 70\nD: 20\nF: 0']","[np.float64(-478.2892142331043), np.float64(nan), np.float64(nan)]","[np.float64(0.0), np.float64(nan), np.float64(nan)]"
10323,"The author of this story was smart to end it by saying she will take the test again in the spring, when every thing bloms. This girl just  failed her driving test she dose not want to take it right away. The blomming of the hibiscus symbolizes her old life at her old home and it is also symbolizing a new start when it bloms. This will give her the confodence to pass her driving test and make he excited to get a new start on the year. ""Spring is when the snows melt and geese return. This quote from this paragraph states that the snow will melt away and the geese will come back home, just like she wants to go home and fells contible, at home you are contible. The author ended this story of this girl, Saeng, with hope and drive to do what she wants to do. That is why it was smart to end the story like they  ended it.  ","[{'A': 0.0, 'B': 5.0, 'C': 25.0, 'D': 50.0, 'F': 20.0}, {'A': 0.0, 'B': 5.0, 'C': 25.0, 'D': 50.0, 'F': 20.0}, {'A': 0.0, 'B': 5.0, 'C': 25.0, 'D': 50.0, 'F': 20.0}]","['A: 0\nB: 5\nC: 25\nD: 50\nF: 20', 'A: 0\nB: 5\nC: 25\nD: 50\nF: 20', 'A: 0\nB: 5\nC: 25\nD: 50\nF: 20']","[np.float64(nan), np.float64(nan), np.float64(nan)]","[np.float64(nan), np.float64(nan), np.float64(nan)]"
15466,"The builders of the Empire State Building faced multiple obstacles when attempting to allow dirigibles to dock there. If they were to succeed, they would have become a major aviation accommidation for transatlantic routes and new routes that were yet to come. In order to allow dirigibles to dock at the top of the building, the mooring mast needed to be constructed and put on to the top of the building. Simply adding the masts to the building was no easily reached task. The Empire State Building's frame needed to be modified so it could withstand the stress from the dirigible mounted onto the mooring mast. Over sixty thousand dollars worth of modifications were made to adjust the building's framework. Once the framework was adjusted, architects designed a shiny glass and chrome-nickel stainless steel tower that was illuminated from the inside. This tower served as a mast for the building to come. Before the mooring mast could be constructed, the roof of the building had to be completed. Once the roof was constructed, the mooring mast was added with its own skeleton of steel. Once the entire project was finished, the owners of the Empire State Building realized that docking dirigibles would be much too dangerous. After all the rigorous work put into the mooring mast was completed, it became clear that it would never be used for its original purpose.","[{'A': 5.0, 'B': 40.0, 'C': 40.0, 'D': 10.0, 'F': 5.0}, {'A': 10.0, 'B': 60.0, 'C': 20.0, 'D': 10.0, 'F': 0.0}, {'A': 10.0, 'B': 60.0, 'C': 25.0, 'D': 5.0, 'F': 0.0}]","['A: 5\nB: 40\nC: 40\nD: 10\nF: 5', 'A: 10\nB: 60\nC: 20\nD: 10\nF: 0', 'A: 10\nB: 60\nC: 25\nD: 5\nF: 0']","[np.float64(-482.19280948873626), np.float64(nan), np.float64(nan)]","[np.float64(0.0), np.float64(nan), np.float64(nan)]"
