essay_id,prompt,entropy,prob_dist_1,prob_dist_2,prob_dist_3,argmax_match
15655,"The builders of the Empire State building face many obstacles in attempting to allow dirigibles to dock there. One obstacle was overcoming the extra stress that a dock dirigible would add. In the excerpt The Mooring Mast author Marcia Amidon Lüsted states ""the stress of the dirigibles load and the wind pressure would have to be transmitted all the way to the buildings foundation..."" Another obstacle the builders faced was the violent weather at the top of the building. Lüsted says ""Even if the dirigibles was tethered to the mooring mast, the back of the ship would swivel around and break the mooring mast."" This was a problem because it would make it unsafe for passengers to exit the dirigibles and walk down a gangplank connected to the Empire State building. The wind also made it difficult for a dirigible to navigate to the mooring mast without being blown into other buildings in the area. One of the greatest obstacles was making the mooring mast safe. Lünden states ""most dirigibles from outside the U.S use hydrogn rather than helium, and hydrogen is highly flammable."" If a dirigibles were to catch fire over a heavily populated area like New York the casualties would be numerous. These were some of the many obstacles builders faced when attempting to construct a mooring mast on the Empire State Building.","[1.054, 1.4905, 1.8219]","{'A': 0.0, 'B': 0.15, 'C': 0.75, 'D': 0.1, 'F': 0.0}","{'A': 0.1, 'B': 0.6, 'C': 0.25, 'D': 0.05, 'F': 0.0}","{'A': 0.05, 'B': 0.4, 'C': 0.4, 'D': 0.1, 'F': 0.05}",False
10270,"The author ends the story with When they come back, Saeng vowed silently, in the spring, when the snow melt and the geese return and this hibiscus is budding, then I will take that test again to show a comparison. Since the plant reminds her of home, when it buds she will be more confident to take the test. When she was looking at the petals of the flower it said, Gently she closed her palm around it and held it tight. That, at least she could hold on to. This shows that she really missed her home, and she had nothing to give her confidence. The flower is the piece of confidence she needs to feel at home and even pass her drivers test. Saeng felt out of place in her new environment. The flower hibiscus, gave her motivation. It gave her a chance to connect with a part from her old home, in her new home. Saeng thinks, And that rich sweet scent- that was familiar too. This shows that this flower was a sentimental importance, she needed. Therefore, the author ended with that paragraph to show a comparison and the importance of the flower to her adapting.  ","[1.7219, 1.7219, 1.8219]","{'A': 0.1, 'B': 0.4, 'C': 0.4, 'D': 0.1, 'F': 0.0}","{'A': 0.1, 'B': 0.4, 'C': 0.4, 'D': 0.1, 'F': 0.0}","{'A': 0.05, 'B': 0.4, 'C': 0.4, 'D': 0.1, 'F': 0.05}",True
21286,"Laughter is a important part of life. It is important in my life because it makes me happy. I am going to tell a true story about why laughter is so important to me and to my life. On days that I would be sad because of some stressful and unhappy things that were happening in my life at the moment. My friend @CAPS1 would come to my house to cheer me up. He would cheer me up by making me laugh, a lot. The main ways that he could make me laugh, when he would notice that I am sad were, tickling me randomly a lot, saying a funny joke or asking me a silly question and by making me play a video game or two, that I was very embarrassingly bad at. The first way he can get me to laugh is by tickling me. When he would come over we would just sit around and talk about random stuff that popped into our heads. He would notice me getting sad at some point and he would say that if I didn't cheer up he would tickle me so that I laughed to get cheered up. I wouldn't really cheer up so that he could make me laugh, to cheer me up. So, he would start to tickle me a lot. I am ticklish basically everywhere, so I would laugh hysterically and it was so much fun. After he would finally stop tickling me, I would still be laughing. If I were to get sad again, he would just keep on tickling me until he was sure that I was happy. I would get happy that day because of laughter.Another day that he was over just hanging out with me. I might not have been having that great of day. We would be watching a movie and eating pop corn or watching t.v., and he would notice that I wasn't really that happy. So, he would try and make me laugh to cheer me up. He would get me to laugh by saying some funny silly joke or asking me a weird random question. Little funny things like that will always make me laugh. Through out the day or while watching the movie. He would say something like it is so nice outside. When it really wasn't, he was just making me laugh. Or, something in the movie would happen and he would say how that would never be possible in real life. He would just get me to laugh to cheer me up. In addition to tickling me and saying something funny to make me laugh, he would also make me play a video game to get my mind off things. At his house one time he said that we should play some fun video games for something to do, because it would be rainy outside. At first he would show me how good he is at one of his favorite video games, likeAssassins @CAPS2. Then he would say that I should try to play it. I was not very good at it but it was fun. I am not used to the controls of an @CAPS3 @CAPS4 so I wouldn't know how to do some things, and he would make fun of me for it because it was actually supposed to be easy. When I couldn't do something I would laugh about it and give the controller to him because I couldn't do it and he could. That would make me laugh because I couldn't do something simple like run up a wall in the game, so, I would have to give it to him to do and that was funny to us. Being bad a video games is funny to me and it make me laugh. In turn that would make me happy which is important.In conclusion, by my friend @CAPS1 tickling me a lot, saying something weird and random, that is silly and funny or, by getting me to play video games that I was bad at and had to have him do it for me, would make me laugh. By him making me laugh, a lot, it made me very happy. Laughing is very important part of my life and this story. It is important because if I didn't laugh as much as he makes me, I would not be as happy. If I am not happy, that isn't a good thing. Because, being happy is a very important part of any life and relationship. Most of the ways I can get happy are by laughing. So, this story shows that laughing is very important part of my life. You could also say that is important in my relationship with @CAPS1. He make me laugh which makes me happy. That is very important to me.","[1.861, 1.9464, 1.9464]","{'A': 0.05, 'B': 0.2, 'C': 0.5, 'D': 0.2, 'F': 0.05}","{'A': 0.05, 'B': 0.2, 'C': 0.4, 'D': 0.3, 'F': 0.05}","{'A': 0.05, 'B': 0.2, 'C': 0.4, 'D': 0.3, 'F': 0.05}",True
1268,"People use computers everyday. There's so many reasons way the're always on. They could be talking to one of their family relatives. Also they're probally looking for jobs. There's many things and people shouldn't tell them what to do with their lives. Many people in @LOCATION1 use the computer to talk to one of their old friends and catch up on things. Also they could be talking to one of their family relatives. There's a thing called webcam and people in @LOCATION1 use it so they could see one another. Buisnesses people are always on the computer because they need to print out documents and they probally got to send something to another country. Buisnesses people also do lots of work on the computer. They can still exercise in @TIME1 for a quick jog, but also thats their choice if they want to stay health or not, plus they're busy people. Other hand people who go on the computer and who are not buisness people or they're not talking to family member or an old friend are students and parents. Tons of students in @LOCATION1 have projects everyday and they got to be on the computer to look up their information. Parents on the other hand also help out their children and they also talk to their relatives or these looking for a new home or job. If all those people are busy let them do their work they want for need to do. Once their done they could excerise but if they don't want to and other people told them to go not take a walk or anything healthy then it's their lost. We can't some them too. They're just getting better everyday and it's not effecting us. its effecting them. If they want to be on the computer they're also getting bad eye-sight because of too much light.","[1.6805, 2.0087, 1.6805]","{'A': 0.0, 'B': 0.05, 'C': 0.25, 'D': 0.5, 'F': 0.2}","{'A': 0.05, 'B': 0.15, 'C': 0.4, 'D': 0.3, 'F': 0.1}","{'A': 0.0, 'B': 0.05, 'C': 0.25, 'D': 0.5, 'F': 0.2}",False
7606,"In Rough Road Ahead by Joe Kurmaskie, the features of the setting affect the cyclist negatively. The story takes place in June in California. This is a very hot time of the year in such a desert location. The heat adds to the speed at which the cyclist becomes dehydrated, as well as his inability to think as coheratly as he could had he not been in a desert in June. The cyclist is also travelling through desolate, an inhabited land. The author says, There was no one in sight, not a building car, or structure of any kind. This emphasizes the characters total lack of resources. There is nowhere within sight that he can turn to for help, water, food or shelter. The road was also rough, plagued with many rolling, crippling hills. Such terrain is much harder to manuver, especially in such a are state of despair. The setting of the story, ""Rough Road Ahead"" greatly impacts the cyclist.","[1.4905, 0.8813, 1.761]","{'A': 0.1, 'B': 0.6, 'C': 0.25, 'D': 0.05, 'F': 0.0}","{'A': 0.0, 'B': 0.7, 'C': 0.3, 'D': 0.0, 'F': 0.0}","{'A': 0.2, 'B': 0.5, 'C': 0.2, 'D': 0.1, 'F': 0.0}",True
109,"Dear editor, @CAPS1 name is @PERSON1, and I believe that computers are a benefit to the world, and people as well. I say this because lots of people can talk to family of friends long distance. Also the computer can teach you lots of thing. Finally it makes you more social. In @CAPS1 strong opinion computers are better for the world. Firstly, many people can talk long distance with family of friends. You have web cam and that allows you to chat and see the person. Also @CAPS2 is another site where you can talk to friends and then you can have a lot and put pictures of yourself and even videos, even though you can talk on the phone and do all this but on the phone it costs money for a plan. When you use a computer it is completely free. Secondly, the computer teaches you things that help you later on in life, and it let's you know things as well. The computer people made programs that can computers and more really cool. The programs teach you how to type, it is called type to learn or type for fun. Also they have programs that let you know how to read. It is great for kids because they need to know these things any ways. Finally, the computer makes you more social. This is because you have @CAPS2 and it let's you know things that happen in school or out of school. You can talk to people on @CAPS2 or email each other and have a conversation with them. You can also meet new people from other places and have a good relationship with them. You have friends with and know who they are and won't need to figure it out. So, this is why I believe that having a computer is a good idea, and good to have. You can talk to people long distance. The computer teaches you things for life. Finally it makes you more social with people. So in @CAPS1 strong opinion it is a good idea to have a computer.","[1.5955, 1.8219, 1.461]","{'A': 0.05, 'B': 0.45, 'C': 0.4, 'D': 0.1, 'F': 0.0}","{'A': 0.05, 'B': 0.4, 'C': 0.4, 'D': 0.1, 'F': 0.05}","{'A': 0.05, 'B': 0.5, 'C': 0.4, 'D': 0.05, 'F': 0.0}",True
7218,"The features of the setting made the cyclists journey even longer and more strenuous. The reason it being in such a remote area did not help. For example the people who still lived in that remote area were probably as old as the cyclist grandparents and the directions were horrible. Also, the fact that their were no new shops or areas or rest for the cyclist to go to; the water pump he found was old and nasty and the only building he saw was abandoned. Also ther factor was the rough terrain. It  being froit the cyclist was already very fatigued by lack of water and tiredness the terrain was long, bumpy and just horrible all together. Finally, the last factor was where he was bicycling in California on a @CAPS1 summer day and he being on a which had no n.c(but which bike does) did not help at all. These are how the features affect the cyclist journey.","[1.6477, 1.7394, 1.6477]","{'A': 0.0, 'B': 0.05, 'C': 0.3, 'D': 0.5, 'F': 0.15}","{'A': 0.0, 'B': 0.05, 'C': 0.35, 'D': 0.4, 'F': 0.2}","{'A': 0.0, 'B': 0.05, 'C': 0.3, 'D': 0.5, 'F': 0.15}",True
3871,"Are there universally evil books that no one should read? Are good and bad no longer matters of opinion for the readers themselves? The answer is no. Censorship is a terrible practice masquerading as a boon. The right to read certain books should not be left to a conservative few, because everyone has their own opinion about everything. There is always something we can potentially learn from books, and it's never right to take that away. Freedom of speech should certainly come into play here as well, allowing the authors' words to be heard without interference from those who would dictate what we read.     There is a reason libraries have many sections. They have to cater to the individual tastes of the masses, without regard to what other people find offensive. If one was to go through the library and burn every book they did not like, there would be scarcely anything left. Send in another person with different tastes, and then you have a completely empty library. It is far better to leave all the books alone so that everyone can find something to enjoy reading. Basically, there are bound to be people who have similar opinions to the author of just about anything, so allow the authors to share those opinions.     Then we have the knowledge portion of the issue. Offensive material to one person might be what another person wants or needs to read, whether for recreation or class. There is much to be learned in the way of psychology and human nature from almost any writing. Perhaps a restricted section would be in order if the problem would involve corruption of innocent minds, but a full censor would never be necessary.     Finally, there is an amendment in the @CAPS1 of @CAPS2 for preventing censorship. It is unconstitutional to restrict any form of expressive speech, whether it be books, movies, music, or magazines. And what is more restrictive to an author than to have their books banned? The greatest difference between our country and a totalitarian government is the simple freedom allowed in the @LOCATION1. If we start restricting that freedom, what are we then?     In short, censorship is a harmful practice that should never be used. People all have their own opinions, all media can be learned from, and our freedom should not be restricted. The practice of censorship is what should truly be banned from the shelves.","[1.361, 1.361, 1.2955]","{'A': 0.5, 'B': 0.4, 'C': 0.1, 'D': 0.0, 'F': 0.0}","{'A': 0.5, 'B': 0.4, 'C': 0.1, 'D': 0.0, 'F': 0.0}","{'A': 0.6, 'B': 0.3, 'C': 0.1, 'D': 0.0, 'F': 0.0}",True
3873,"Censorship in @ORGANIZATION1 has been around for as long as their has been the various mediums of art. In many cases the censorship @CAPS9 of what many would agree as not suitable material for anyone to create and enjoy. But then in other more serious issues that the censor has deemed not suitable for a certain audience, or even to a whole country. What @CAPS9 it that gives a select few the right to ban any given number of imaginative creations, even if they are in some aspects more lued in nature?     Censorship has and @CAPS9 still a very usefull tool that many governments employ to accomplish a wide variety of tasks, considered to ensure the 'safety' of both our minds and bodies. Some of the more widely know cases of this most despicable tactic of control come from the countries of @CAPS1 @CAPS2 @LOCATION3, @LOCATION4R, @CAPS3 @LOCATION5, and @LOCATION2. In these countries all materials that are deemed potentially hazardous to the wellfare of the @ORGANIZATION2 are heavily policed and in many cases destroyed. The most noteworthy instances of this occured in @LOCATION3, where the @CAPS4 would gather up large amounts of books from the people and burn them in massive rallies. The people were so enthralled by the @CAPS5 leadership that they would often times freely relenquish their books with no resistance, and in some cases join in and throw the books in themselves. The same thing @CAPS9 still occuring in @LOCATION5 today, wtih a censor still on their internet surfing possibilities. In @DATE1 the popular search engine @ORGANIZATION3 attempted to set up shop in the country, but quickly entered into dispute with the @ORGANIZATION2 about the censoring of certain materials. Some months after the argument began over the censoring of @LOCATION5's people, the company completely removed all bans for a short time, much to the dismay of the @ORGANIZATION2. During that time it @CAPS9 reported that some of the main search topics were that of many social reformers and of different religions than that of the @ORGANIZATION2's sanctioned religion. But the one country that takes the cake for having the most censorship @CAPS9 @LOCATION2, they're @ORGANIZATION2 has restricted and policed any technology in the country. The common people live in a so called '@CAPS6 @CAPS7 @CAPS8'.     In our home country of the @LOCATION1 we are promised many rights to protect our freedom as citizens. We are promised the freedom of speech as well as press, and in censoring our libraries they would restrict both. If we do not stand up and protect our rights, then who will? Are we not a @ORGANIZATION2 for the people, by the people? Why are we allowing the censorship of our own intellectual creations in a place that was created to provide access to said materials for those who are less fortunate, so they themselves can gain knowledge and understanding. If we as a people were to allow such a blatent restriction on our given freedoms, then we are in no position to have them in the first place. Our country was founded and later almost torn apart by the men and women who were willing to risk it all in order to protect their freedoms in this country. Are we descendants of those same people? If so why should we allow ourselves to squander what was hard fought for and earned by our forefathers.     The censor often poses a few questions that do cause one to wonder '@CAPS9 it really better off this way?'. They point out that for every great work of intellegent art, other of a more deviant nature create some more innapropriate pieces of 'art'. Pornography @CAPS9 the most prevalent of their examples, pointing out that if they did not restrict it, then who would stop the hundreds of children that not only roam the libraries bookshelves but also the provided internet services. It @CAPS9 a reasonable question, once that should be take into consideration, but in answer to it I believe that it @CAPS9 and will always be the job of the parent or guardian that bring the child with them. It @CAPS9 simply not enough to drop a child off at the local library and hope they find something interesting. Helping that child find what they want @CAPS9 a journey that should be taken by both the parent and the child. And what about those who believe the censor isn't always right about what @CAPS9 and what @CAPS9 not acceptable for the general @ORGANIZATION1? As author Katherine Paterson once said 'All of us can think of a book that we hope none or any other children have taken off the shelf. But if I have the right to remove that book from the shelf-- that work I abhor -- then you also have exactly the same right and so does everyone else. And then we have no books left on the shelf for any of us.'     Censorship has been around for a very long time, and will most likely never be fully cut out of any functioning @ORGANIZATION2. That @CAPS9 sadly an inevibility that cannot be avoided. But the amount that it occurs in your daily life will be directly affected by how much of your freedom you are willing to stand up for.","[2.0087, 1.6805, 2.0087]","{'A': 0.05, 'B': 0.15, 'C': 0.4, 'D': 0.3, 'F': 0.1}","{'A': 0.0, 'B': 0.05, 'C': 0.25, 'D': 0.5, 'F': 0.2}","{'A': 0.05, 'B': 0.15, 'C': 0.4, 'D': 0.3, 'F': 0.1}",False
10323,"The author of this story was smart to end it by saying she will take the test again in the spring, when every thing bloms. This girl just  failed her driving test she dose not want to take it right away. The blomming of the hibiscus symbolizes her old life at her old home and it is also symbolizing a new start when it bloms. This will give her the confodence to pass her driving test and make he excited to get a new start on the year. ""Spring is when the snows melt and geese return. This quote from this paragraph states that the snow will melt away and the geese will come back home, just like she wants to go home and fells contible, at home you are contible. The author ended this story of this girl, Saeng, with hope and drive to do what she wants to do. That is why it was smart to end the story like they  ended it.  ","[0.8842, 0.8842, 2.0087]","{'A': 0.0, 'B': 0.0, 'C': 0.05, 'D': 0.8, 'F': 0.15}","{'A': 0.0, 'B': 0.0, 'C': 0.05, 'D': 0.8, 'F': 0.15}","{'A': 0.05, 'B': 0.15, 'C': 0.4, 'D': 0.3, 'F': 0.1}",False
7276,"In the essay Rough Road ahead by Joe Kurmaskie, the cyclist had many changes due to the setting of what was around. The cyclist was lost in the dessert. This affected him a lot because the desert is very hot. He could have died from either dehydration or exhaustion. Also, in the desert some animals can be very dangerous on the cyclist journey, he saw a poisonous snake. It was a good thing that he was cautious around the snake because if he wouldnt have been, he might have gotten bitten and there would be no one around to help him. The desert that he was in. also happened to be desserted and there was no one around to help him with the directions. The worst thing would have to be that he ran out of water. Without the water, he could become very weak and dehydrated.  and could have even died. The setting of where the cyclist was affected him greatly.","[1.1568, 1.5955, 1.5438]","{'A': 0.0, 'B': 0.0, 'C': 0.1, 'D': 0.7, 'F': 0.2}","{'A': 0.0, 'B': 0.05, 'C': 0.45, 'D': 0.4, 'F': 0.1}","{'A': 0.0, 'B': 0.05, 'C': 0.3, 'D': 0.55, 'F': 0.1}",False
16284,"Allowing the dirigibles to dock at the Empire State Building took some obstacles. First, there was a lack of suitable landing area in New York City. To solve this, Al Smith added a mooring mast to the top of the Empire State Building. This would allow the dirigibles to anchor there for several hours for refueling, service, and to let passengers off and on.Another obstacle for allowing dirigibles to dock at the Empire State Building was the stress being added to the building's frame because of a one thousand-foot dirigible moored at the top of a building held by a single cable tether. To accommodate the situation, the steel frame of the Empire State building would have to be strengthened and modified. Over Sixty thousand dollars' worth of modifications had to be made to the building's framework. The final and greatest obstacle for successful use of the mooring mast was nature. The winds at the top of the building were constantly shifting due to violent air currents. Lead weights would be used to weight down dirigibles landed in open fields. But losing the lead weights at the Empire State building where they would be dangling high above pedestrians on the street was not very safe at all.","[1.571, 1.3955, 1.571]","{'A': 0.1, 'B': 0.6, 'C': 0.2, 'D': 0.1, 'F': 0.0}","{'A': 0.05, 'B': 0.6, 'C': 0.3, 'D': 0.05, 'F': 0.0}","{'A': 0.1, 'B': 0.6, 'C': 0.2, 'D': 0.1, 'F': 0.0}",True
4732,"Have you ever read or seen a book that you thought was not appropriate? Did you want to ban the book from the library you got it from? Well many people have experienced this and many of them have wanted to have more sensorship in libraries but we can not always do this. Maybe that book that you just put down, deeming it inappropriate for all to read it, is someone else's favorite book. You @MONTH1 never know but maybe someone might think your favorite book is not appropriate. There are many different people in the world and they all have different opinions. So instead of banning them how about libraries and schools just sensor them.      Censoring seems like a no brainer but a lot of people do not think about it. We can not just close our eyes to all the inappropriate books out there but we can at least censor them. Censoring them could be as simple as just putting a tag on them or making a different section for just those kinds of books. The tags should be clearly marked so that people can see it and know what to expect from the book.                    People do not have to get rid of some books completely but they need to recognize that young children could pick it up and start reading it without knowing that it is not very appropriate for them. Parents do have the right to check and monitor what their child is reading. Although if you just get rid of the book completely, people are also getting rid of other people's freedom of speech. No one has the right to determine what books are not appropriate and what books are, so no one should have the right to just have certain books just removed from the shelves.      Instead of banning the books or complaining about it them, people could try a rating system for books. When you buy movies a lot of times people check the rating on the movie to see if it would be appropriate for their child or even for themselves. This is what we could do with books too and maybe there will not be as many problems with books. It sounds simple enough but people need to take action and start to do something about it.     You @MONTH1 not be able to make everyone happy but at least people can be more informed about the books they are reading. If everyone can help out in the effort to make our libraries and school more censored than all the libraries would be a lot happier places full of adventure","[1.9016, 1.9016, 1.7855]","{'A': 0.05, 'B': 0.35, 'C': 0.4, 'D': 0.15, 'F': 0.05}","{'A': 0.05, 'B': 0.35, 'C': 0.4, 'D': 0.15, 'F': 0.05}","{'A': 0.05, 'B': 0.3, 'C': 0.5, 'D': 0.1, 'F': 0.05}",True
762,"Computers. They are an amazing marvel of science that greatly benefits man-kind today. But computers can be good or bad depending on how you use them. Homework can be made easier, connecting with others is easier, and entertainment like @CAPS1 and video games are a click away. On the otherhand, Computers can be distracting, addicting, and tiring. It is important to know the pros and cons of computers. For example, the search engine, @ORGANIZATION1, is an easy to use website that can be very helpful. If there is a concept or problem that you are having trouble with, just type it into @ORGANIZATION1 and links to websites pop up that will help answer anything that you would like to know. There is also a website called @LOCATION1. This website is an all purpose dictinary, @CAPS2, encyclopedia and translator. I even have an application for it on my cellphone. But technology can also be distracting. Social networking websites, like facebook, games websites like @CAPS3, and also websites like @CAPS4 can be very tempting and distracting when you should be doing homework. Procrasination is very easy to give into. But self control is the only way to avoid this problem. Budgeting your time so that you can do both your homework, and go on the computer is also very important. One thing that I find very useful on computers is an online textbook. We are lucky enough today that most large books can be formated onto a computer. Instead of carrying a @NUM1-pound text book, you can just use a @NUM1 megabyte book on the internet. This makes travel to and from school much easier. That, and textbooks often use up a lot of desk space, but all you nneed is the space that a computer will consume anyway. Studying is also made easier this way. All of the things that a computer can do are great. But this can also keep us from going outside, excersising, and seing real people in real life. This need for the computer can be bad. We are too connected as a society. Our status, feelings, friends, and position in life are always needing to be updated. Distractions are everywhere. Facebook, for instance, is very addicting. You are looking at a virtual landsacape. Self control really is the only way to get off the computer and step into the real world. Overall, computers are great, but you have to know when, and how long to use it. It has several benefits such as entertainment, communication, and information. But all of these things can be just as distracting as they can be helpful. Knowing this. I hope that society can think of the pros and cons of the computer.","[1.4905, 1.5332, 1.5332]","{'A': 0.1, 'B': 0.6, 'C': 0.25, 'D': 0.05, 'F': 0.0}","{'A': 0.2, 'B': 0.6, 'C': 0.15, 'D': 0.05, 'F': 0.0}","{'A': 0.15, 'B': 0.6, 'C': 0.2, 'D': 0.05, 'F': 0.0}",True
3639,"I'm really sick and my head really hurts at this moment while having to write this paper, so please take @CAPS1 easy on me.      Any source of literature is someone's own creation of imaginiation, taken in whatever direction they so choose for @CAPS1 be to be taken. The creation of that art form as writing would be nothing less then lonesome trash floating the winding streets if @CAPS1 were censored.       @CAPS1 is almost like when watching television; your kids are up and want to stay up late to watch the new horror movie but no way, that movie is way to scary for them, plus @CAPS1 shows some nudity. If the movie is not appropriate for your children then do not let them watch @CAPS1. In a library though, your mother might not always be there to pre-read your books for you. So maybe you just have to assume responsibility and read the book if you choose to, or not read the book depending on how your mother would feel about @CAPS1 of course.      The thought of there being censorship in libraries is quite ridiculous. Of course I would not like to see @PERSON1: @CAPS1 in my childrens section but that is all up to just having books in their right sections. Have the explicit books on one side of the library and the non on the other side. The main point is that most people that make use of the library are old enough to choose a book of their liking and if they are not they have their mother accompanying them","[1.2955, 1.861, 1.8427]","{'A': 0.0, 'B': 0.1, 'C': 0.6, 'D': 0.3, 'F': 0.0}","{'A': 0.05, 'B': 0.2, 'C': 0.5, 'D': 0.2, 'F': 0.05}","{'A': 0.05, 'B': 0.25, 'C': 0.5, 'D': 0.15, 'F': 0.05}",True
3515,"My views on cencorship @MONTH1 not  be what others believe. With a good understanding of what the majority of people would call innapropriate, evaluating what books should be placed on the shelfs is easier. Although many people @MONTH1 think that a certain book is appropriate, others @MONTH1 disagree. That's why creating a rating system would be best.     With a rating system of books, movies, magazines, and other materials in a library, parents would have a better understanding of what they want their child to read or watch. If there is vulgar language inside of the book, it could be labeled with a rating and an explanation of why the book is rated the way it is. That way, if there are complaints of the item, the library would not be blamed.      I personally don't think that getting rid of materials because of others' complaints should occur. I believe that the books could be kept, but labeled or even placed on a different section of shelves to reference that they @MONTH1 be more innapropriate than the normal. What happens when a college student needs a book that is mandatory for his class and the book is banned because of 'innapropriate usage'? There is no way of making everyone completely satisfied, but with this system a lot of issues would be resolved.     My views on cencorship @MONTH1 not be what others believe, but taking away perfectly written books is not right. Disagreement isn't the easiest thing, but just because it's hard doesn't mean you have to give up. The rating system would decrease the complications and help others to be more free with their decisions","[1.8219, 1.8219, 1.1568]","{'A': 0.05, 'B': 0.4, 'C': 0.4, 'D': 0.1, 'F': 0.05}","{'A': 0.05, 'B': 0.4, 'C': 0.4, 'D': 0.1, 'F': 0.05}","{'A': 0.0, 'B': 0.2, 'C': 0.7, 'D': 0.1, 'F': 0.0}",False
18892,"Patience is one of the worlds most important lifeskills. Having my best friend live across the street is great. He has @NUM1 older sister, named @LOCATION1. @LOCATION1 was blessed with downs syndrom. This basically means she doesnt understand things as fast as you and I. You also can see it from the way she acts. @LOCATION1 is one of the happiest people I have ever met. Knowing @LOCATION1 as well as I do also comes with a downside. You need to be extremely patient. When talking to her, lots of people would give up and leave because she doesnt get it, but her closest friends have developed patient like no other kind. Having @LOCATION1 as my neighbor is one of the greatest things that could have happened. She has made me a master at one of the most important lifeskills. @LOCATION1 is a wonderful person and, I guess a great teacher, but when you are having a bad day, be grateful because not everyone is as blessed as you.","[1.861, 1.861, 1.2568]","{'A': 0.05, 'B': 0.2, 'C': 0.5, 'D': 0.2, 'F': 0.05}","{'A': 0.05, 'B': 0.2, 'C': 0.5, 'D': 0.2, 'F': 0.05}","{'A': 0.0, 'B': 0.05, 'C': 0.7, 'D': 0.2, 'F': 0.05}",True
426,"Dear, @CAPS1 of the @ORGANIZATION1 @CAPS2 has come to my concern that many people are debating on whether computers benefit our society or not. Some people think computers are the lives of many people, but I have to disagree with those who say that. I think that computers benefits our society in there ways, they bring people together, they offer many websites to research a topic, and they let people shop at home. One way that computers help us is that they bring people together by using the internet. Many families do not live close to other relatives, making hard to see them. But with the internet, people can use social networking sites such as facebook or myspace to keep in touch with one another. Distant relatives can talk and share picture with one another to keep in touch. Also, the internet can help bring couple together and potentially lead to marriages. How @MONTH1 times have you seen those @CAPS3 harmony commercial that claim to have brought two singles together to make a happy couple? Another way that computers help today's society is that they offer many places to conduct research on a certain topic. There are so many search engines on the internet that lead you to numerous websites to help you find out what you need to know. Also, researching a topic on the computer is so much easier compared to going to the library and reading books. When using books, to research a topic, you need to find the right book, read the whole thing or at least most of @CAPS2, and find what you're looking for. But with the internet, you just type in what you're looking for, click, and go. Lastly, computers let you shop online and lead to a better shopping experience. By shopping online, you skip the long lines at retail stores which means less time walking to get your product. For example, many people rush to stores early in the @TIME1 for huge sales on ""@CAPS4 @DATE1."" A person could be left waiting in line for hours to get a product. Why wait outside for so long when you could just buy the product in the comfort of your own home and get the product delivered right to your house? Also, many websites offer special deals for shopping online so you can even money. In conclusion, I think that computers benefit our society in three ways, they bring people together, they offer many websites to research a topic, and they let people shop at home. A world without computers would be so much different than the world we live in today.","[1.5332, 1.2955, 1.1568]","{'A': 0.2, 'B': 0.6, 'C': 0.15, 'D': 0.05, 'F': 0.0}","{'A': 0.6, 'B': 0.3, 'C': 0.1, 'D': 0.0, 'F': 0.0}","{'A': 0.7, 'B': 0.2, 'C': 0.1, 'D': 0.0, 'F': 0.0}",False
18640,"@CAPS2 was a dark saddanly night we went to go pick up some subway for my family. Boom, a struck of lightning  @CAPS1 every thing went dark. The manger came out every body be calme she and use navy blue flash lights we couldnât get to our car because @CAPS2 was raining & thundering so hard we were scared we were going  get shocked. So we waited growl, whent my tummy.âIâm hungryâ so me and my grandmother asked can we still get our subs made because we have light. The manger said âokayâ. She told the worker to get back to work. @NUM1 min later the manger started passing out subs chips, soda, and cookies @CAPS2 was @NUM2 pm. We all ate drank I felt asleep. We all woke up the next morning sun shing lights on. So we all walked out to our cars smelling like break & meat. That was the best patient day of my life.","[0.469, 1.2345, 1.2345]","{'A': 0.0, 'B': 0.0, 'C': 0.0, 'D': 0.1, 'F': 0.9}","{'A': 0.0, 'B': 0.0, 'C': 0.05, 'D': 0.45, 'F': 0.5}","{'A': 0.0, 'B': 0.0, 'C': 0.05, 'D': 0.45, 'F': 0.5}",True
18438,"Once apon a time, in a land for army, there was a girl named @PERSON1. One day @PERSON1 and her mom where going to watch a movie called @CAPS1 from @LOCATION1. @CAPS2 when they got to the theater, the tickets were sold and so they had to watch another movie. It mustve been a bad day because once they got up to the ticket sold and remember to go to! @PERSON1 and her mom left and went to go eat. They went to a place called @ORGANIZATION1 and got in to order! They ordered their food, sat back down and ate. Once they were done, the left and went to try again with the movie @CAPS2 when they did the line was as long as a mile! @PERSON1s mum just told her to be patient and wait I told about and listening to go???. When they were there, they finally got the last ticket available. After that her mom @CAPS5 so honey @CAPS3 were patient???When they got home???  the couch, got a snack, and waited for @PERSON1s sister and dad to get home. finally, they ???  withe a big surprise  and @PERSON1s dad was holding tickets to go see the movie @PERSON1 and her mom had just seen! @CAPS3 were trying to find you all day @CAPS5 her father. @CAPS4 @CAPS3 couldnt find you. @CAPS5 her sister. @PERSON1 and her mom looked at each other and explained that they can go see the movie @CAPS3 were patient and waited in line an got the last ticket available! And @CAPS3 won feifty dollars too! exclaimed @PERSON1. The @CAPS6!","[0.469, 1.0763, 0.2864]","{'A': 0.0, 'B': 0.0, 'C': 0.0, 'D': 0.1, 'F': 0.9}","{'A': 0.0, 'B': 0.0, 'C': 0.05, 'D': 0.25, 'F': 0.7}","{'A': 0.0, 'B': 0.0, 'C': 0.0, 'D': 0.05, 'F': 0.95}",True
12573,"In this memoir the author created a mood of what it was like in his childhood home. Based on pharagraph @NUM1, cooking was a big part of the author's childhood life. The author describes a home filled with the smell of the kitchen and the ""passionate @CAPS1 music."" @CAPS2 a warm mood that makes you think of home, this pharagraph is the base of the authors childhood. The author lived in a neighborhood of immigrants that were friendly and always helped each other out. In pharagraph @NUM2, the author describes a mood of family, friendship and acceptance. Even though the people of the neighborhood weren't all the same, they except one another as equals during a time of racism and segregation. Coming to a different country and starting a new life can be extremly difficult. It is hard to get good jobs when you just immigrated and maybe don't have a ton of money. It is also hard to get used to climate change, and learning another language. This creates a mood of hardship and rough times. Throughout this memoir the author creates moods, whether good or bad, of the memories of his childhood.","[1.6805, 0.9918, 1.5955]","{'A': 0.0, 'B': 0.05, 'C': 0.25, 'D': 0.5, 'F': 0.2}","{'A': 0.0, 'B': 0.0, 'C': 0.05, 'D': 0.75, 'F': 0.2}","{'A': 0.0, 'B': 0.05, 'C': 0.45, 'D': 0.4, 'F': 0.1}",False
15509,"There were many obstacles that the builders of the Empire State Building faced in attempting to allow dirigibles to dock on the mast. One obstacle they faced was nature itself. It says in the exerpt that ""the winds on top of the building were constantly shifting due to violent air currents. Even if the dirigible were tethered to the mooring mast, the back of the ship would swivel around."" This could have led to major accidents if the dirigibles were allowed to dock here. Another obstacle they faced was that these dirigibles could not fly to low over urban cities. It says in the excerpt that ""these was an existing law against airships flying too low over urban areas. This law would make it illegal for a ship to ever tie up to the building or even approach the area."" But before the idea was even dropped, two dirigibles attempted to reach the building. The first one could not reach the building because of forceful winds. The second airship attempted a stunt to drop off a bundle of news papers. They didn't have the right equipment so they had to have a worker catch the bundle of papers that were attached by a rope. These obstacles were very important to be construction of the mast because it's probably saved the lifes not only the aviators but the people that lived in urban cities below.","[0.9219, 1.1568, 0.9219]","{'A': 0.0, 'B': 0.1, 'C': 0.8, 'D': 0.1, 'F': 0.0}","{'A': 0.0, 'B': 0.1, 'C': 0.7, 'D': 0.2, 'F': 0.0}","{'A': 0.0, 'B': 0.1, 'C': 0.8, 'D': 0.1, 'F': 0.0}",True
323,"Dear @CAPS1, I feel as though computers have good effects on people. Throughout these next paragraphs I will be giving you all of my reasons on the things that computers help people do. I will be talking about how computers give people good typing skills, how they give information to people, and how they allow us to socialize. Over ninety four percent of people today own a computer ad feel as though they have learned many things from it. I bet you didn't know that! First off I will be telling you about how computers help people type. The @CAPS2 on a computer doesn't go alphabetically. This means that you have to practice more to get better in typing. I remember the first time I tried to use the @CAPS2 it difficult but as I tried more I got better. Once I got better I realize where the keys were and soon I don't even have to look up the computer and all of it's parts help people by teaching them skills that they @MONTH1 used in the. These skills @MONTH1 be needed in their job field. Computers are helpful device. The next thing I will be telling you about is how computers have information that is useful to and its where a child is working know a lot about the. It holds information and has website when the internet they. The computer. My final reason why computers have good effect. If you need to talk to a friend but dont feel like calling them you can just go on to a website and chat with them. There are so many that you just can't choose! Did you know what they are over one million of these kinds of websites? There is @CAPS3 @CAPS4 just to name a few. This also gives people the chance to socialize with people from all over the world. This in return causes people to have better social skills. Maybe they will become ore friendly and become more outgoing. This is all because of one little thing and that little things is the computer! So as you can see computers have many wonderful effects on people. They help people get better at typing give lots of information that people want to know and get better social skill cant you just learning and I dont know about not I can get a pretty clear image of that in my mind. Thanks for reading this and taking I say information.","[1.6805, 1.2345, 1.2192]","{'A': 0.0, 'B': 0.05, 'C': 0.25, 'D': 0.5, 'F': 0.2}","{'A': 0.0, 'B': 0.0, 'C': 0.05, 'D': 0.45, 'F': 0.5}","{'A': 0.0, 'B': 0.0, 'C': 0.05, 'D': 0.4, 'F': 0.55}",False
1460,"I have relized that there as been a disagreement about computers the positive and negative effects on people. It seems to me, in my opinion that computers have more of a negative affect on people than positive. I believe tat people are spending too much time on the computer and not exercizing, they don't spend quality time with family & friends and need to get fresh air and enjoy nature. Although computers are a great piece of techology, many don't get outside to enjoy the nature & fresh air because their computers are inside their homes. This is not good because when you go outside, it helps skin health from the sunlight & lets in fresh air for your lungs. In addition, a walk outside to enjoy nature wouldn't hurt either. It can relieve stress & can be relaxing. Furthermore, it is obvious when people are on the computer, they usually block out what their friends & family are saying to them. People can lose track of time & be on the computer for hours. Instead you should use this time to be with your friends and family. Being with your family can make your bond between each other stronger and you can get along with each other better. Also, having a nice family time is a good way to help be with your family. @NUM1 out of @NUM2 experts say that eating a family dinner can help a child's grades & prevent them from using drugs or dropout of high school or college. Finally, kids are more obese than us because they don't get enough excersize. At least @PERCENT1 or more kids are obese from recent studies. Due to this; this can lead to bone & joint issues, heart diseaase, lung problems, diabetes and athsma. These issues above are serious health problems if not treated. If kids excercize instead of being on a computer all day, the number of obese kids will drop drastically. Excersize can help kids' self esteem, and get them back in shape. They can either play sports or even take a walk or run. There are many different things you can do to excersize and its fun for kids. Unquestionably, there is definitely more reasons why there is a negative affect on kids/adults due to computers for the reasons above and more. Computers prevent people from enjoying nature to get fresh air. Likewise, they also prevent families & friends to spend time with each other and lastly, it isnt allowing kids to excersice which can lead to obesity.","[1.5955, 1.461, 1.461]","{'A': 0.05, 'B': 0.45, 'C': 0.4, 'D': 0.1, 'F': 0.0}","{'A': 0.05, 'B': 0.4, 'C': 0.5, 'D': 0.05, 'F': 0.0}","{'A': 0.05, 'B': 0.5, 'C': 0.4, 'D': 0.05, 'F': 0.0}",False
9319,"Minfong Ho concluded Winter Hibiscus with that paragraph to show hope and renewal for the character Saeng. Spring represents birth and renewal, a second chance for Saeng. She had previously failed what seems to be an important test (perhaps her citizenship test), and motivated her to try and remember her past, which she sorely misses. The winter hibiscus seems to represent herself, and this illustrates it: its-its not a real one, Saeng mumbled she was still too shaky to say the words at home, lest she burst into tears again. Not like the kind we had before I know her mother said quietly' 'its flowers arent as pretty, but its strong enough to make it through the cold months here, this winter hibiscus. That is what matters. This describes Saengs position perfectly  she is not the same, as happy as she once was, but she can make it through the hard times, and can bloom in the spring to take the test again. This shows the purpose of the last paragraph in winter hibiscus to show the renewal and hope that Saeng will experience.","[1.761, 1.761, 1.7219]","{'A': 0.2, 'B': 0.5, 'C': 0.2, 'D': 0.1, 'F': 0.0}","{'A': 0.2, 'B': 0.5, 'C': 0.2, 'D': 0.1, 'F': 0.0}","{'A': 0.1, 'B': 0.4, 'C': 0.4, 'D': 0.1, 'F': 0.0}",True
15534,"In the short story of ""The Mooring Mast."" by Marcia Amidon Lüsted describes three obstacles of the builders of the Empire State Building faced for the attemption to allow dirigibles to dock there. Two resons were safty. The first ""Most dirigibles from outside of the United States used hydrogen rather than helium, and hydrogen is highly flammable"". A flammable ship above a ""densely populated area such as dowtown New York could result in desistiar. The second safty reson was due to ""The winds on top of the building were constantly shifing due to Violent air currents."" Dirigibles ""dangling high above pedestrians on the street, was neither Practical nor safe."" The final obstacl the Empire State Building faced was Law. ""An existing law against airships flying too low over urban areas."" ""This Law would make it illegal for a ship to ever tie up to the buildings or even approach the area."" The Law and to safty obstacles the builders of the Empire' State Building faced would not allow any attempts for dirigibles to dock there.","[1.5438, 1.7219, 1.5438]","{'A': 0.0, 'B': 0.05, 'C': 0.3, 'D': 0.55, 'F': 0.1}","{'A': 0.0, 'B': 0.1, 'C': 0.4, 'D': 0.4, 'F': 0.1}","{'A': 0.0, 'B': 0.05, 'C': 0.3, 'D': 0.55, 'F': 0.1}",False
13566,"In the memoir Narciso Rodriguez From Home: The blueprints of our lives the author sets a sad mood in this memoir. An example of the sad mood set the author describes his neighborhood. The author describes his neighbor hood by saying ""our neighborhood was made up of mostly Spanish, cuban and Italian immigrants."" (@NUM1) This show they live in a run down neighborhood because most immigrants are poor when they arrived at the @LOCATION1 @CAPS1 example is when he describes his family. The author say's ""There was often someone staying with us temporarly until they were able to get back on their feet"". (@NUM2) This shows the poverty that they lived around because they had to put shelter around those who couldn't aford it. The last way the author describes the sacrifice of his parents, The author say's ""The Faith that this would lead them and their children to better times drove them to endure these hard times"". (@NUM3) This is a sad mood because it shows how their @CAPS2 back fired and they didn't have a very happy time. That is why I think the tone of this memoir is a sad one.","[1.1884, 1.6477, 1.6477]","{'A': 0.0, 'B': 0.0, 'C': 0.05, 'D': 0.6, 'F': 0.35}","{'A': 0.0, 'B': 0.05, 'C': 0.15, 'D': 0.5, 'F': 0.3}","{'A': 0.0, 'B': 0.05, 'C': 0.15, 'D': 0.5, 'F': 0.3}",True
10508,"The author concluded the story with the paragraph because it shows that everything and everyone can make it through a tough time. This paragraph acts as a final positive message to readers. The text say, when they come back... I will take that test again. This quote shows that Saeng can see herself as one of the geese or the budding hibiscus plants. She knows that her winter is her test and that when she is ready, shell be able to take the test again and be successful. The budding of the hibiscus represents the time when shell be prepared to take the test. Though she is having a tough tine now, she'll be able to get through it and make another attempt. This paragraph is at the end because it brings together the purpose of the hibiscus. Without saying this, the readers would have never gotten this message, instead, they would believe that the role of the hibiscus was to serve as a connection to Saengs past. In conclusion, this positive paragraph was included to show readers that everyone can balance back from a bad situation.","[1.4905, 1.5955, 1.4905]","{'A': 0.1, 'B': 0.6, 'C': 0.25, 'D': 0.05, 'F': 0.0}","{'A': 0.05, 'B': 0.4, 'C': 0.45, 'D': 0.1, 'F': 0.0}","{'A': 0.1, 'B': 0.6, 'C': 0.25, 'D': 0.05, 'F': 0.0}",False
4426,"There are things in the world that are not ment for certain people to see. Things like rated @CAPS1 movies, @CAPS2 books, alcohol, and @CAPS2 music are not ment for children. Yes people have rights, they can view whatever they want. If a @CAPS4 wants to see a rated @CAPS1 movie or drink a beer that is the parents choice to let that @CAPS4 see that movie not the person running the store. If you are under the age limit a store keeper should have the right to tell you, you can't go in the store or buy his product.           Is it okay for a storkeeper to to tell your @CAPS4 no? Some would say yes to this and others would say no. If your @CAPS4 is trying to buy a movie with guns, blood, and killing, and you don't want your @CAPS4 to have this movie you might be mad if a store keeper let your @CAPS4 buy it. On the other hand you might be mad if this store keeper told your @CAPS4 he wasnt allowed to buy this movie. If the rated @CAPS1 is based on maturaty how does this store keeper know how mature your @CAPS4 really is? Your @CAPS4 could be a one that likes to copy the things they see on movies, the store keeper doesn't know if this is true or not. He doesn't know this @CAPS4, he can't say if he is mature enough to watch this movie with guns, blood, and killing. How would this store keeper feel if this @CAPS4 watched this movie he let the @CAPS4 buy and the @CAPS4 went out and killed someone, how would you feel if this happened? This wouldn't happen if there was an age limit.     If a group of @NUM1 year olds who just got their license go into a liquor store and try to buy beer, who is going to stop them from drinking and driving if there is no age limit on drinking? Lives get wasted when teenagers make choices like drinking and driving. When your @NUM2 years old you don't think about whats going to happen after you make a choice, you just think about how fun it's going to be while your doing it. Most 12-@NUM2 year olds aren't mature enough to make decisions in the spure of the moment.      There for there should be an age limit for some things, maybe not all things in the world, like weather or not your @CAPS4 can buy a candy bar or a soda. But an age limit on buying an @CAPS1 rated movie, alcohol, guns, knives exc. What would the world be like if children went around with these things? With an age limit on ceritain this there wouldn't be a probelm with these things","[1.6477, 1.461, 1.469]","{'A': 0.0, 'B': 0.05, 'C': 0.3, 'D': 0.5, 'F': 0.15}","{'A': 0.0, 'B': 0.05, 'C': 0.4, 'D': 0.5, 'F': 0.05}","{'A': 0.0, 'B': 0.05, 'C': 0.45, 'D': 0.45, 'F': 0.05}",False
7428,"The setting of the cyclist clearly influences his mood. From the beginning to end, the outside world reflects the tormils in his head. This is evident in the beginning reservoir, empty desert, hills the Welch factory, & finally the fish camp. The reservoir is a heven, @NUM1 safe ground that contains everything the men needs. He is feeling optimistic, ready & eager to follow advice of old men. He first hits a ghost town, which is foreshadowing a dangerous future. He passes through still with a level head. He comes to a water pump that gives him battery acid. This is wher the mood shifts. He suddenly describes his setting as the high deserts of California. The sun is boiling down & water is running low. His hopes start to drop. When the flat road was replaced by short, rolling hills, it reflects the turmoil in his head. The terrain is harder the chances of his survival lessons. When he crosses a snake, it suggest even more despair. It finally climaxes at the Welch factory. How ironic, it is an abandoned juice factory. This is lost hope. When he finally arrives at the fish camp, he is relieved to be alive & is uplifted. The cyclist has made it. It is clear the setting has affected the cyclist.","[2.0087, 1.361, 2.0087]","{'A': 0.05, 'B': 0.15, 'C': 0.4, 'D': 0.3, 'F': 0.1}","{'A': 0.0, 'B': 0.1, 'C': 0.5, 'D': 0.4, 'F': 0.0}","{'A': 0.05, 'B': 0.15, 'C': 0.4, 'D': 0.3, 'F': 0.1}",True
19052,"Have you ever been in a situation when you know something good is coming or is going to happen and you just @CAPS1t control yourself? You ask your parents, when and they say, soon just have some patience! well this has happened to me multiple times, such as when we were going to @LOCATION1 or @LOCATION2, but on this special occasion, getting our new dog. I decided to be a mature teenager and be patient. It was @DATE1 @TIME1, the day my family was getting a dog and I was so excited. My stomach was filled with butterflies, trying to fly out and explode in happiness. Everyone else in my family was the same way, but just then, I remembered my goal about being a mature teenager and patient. So I carried on with my normal, everyday life. Eat breakfast, comb hair, get dressed, brush teeth, and go to school. Later, when I came home, my mom announced that my dad will arrive with my puppy in @NUM1 minutes. So I sat on my chair, in my room and watched the clock tic and toc for about @NUM2 minutes. Then, I walked in to the living room, where the rest of my family was sitting and waited till I heard a door slam. Suddenly. Boom! The door slammed on my dads truck. My mom, brother, and sister bolted to the door as I simply walked to see the puppy. aww! everyone screamed. @CAPS1 I hold her, and shes my dog, and lets name her also came in the conversation. Then, my dad glared at me, standing their quietly and handled me the dog. you are being so patient, you @CAPS1 be the one to hold her first! I was so proud of myself. I was patient and I was the one that got to hold her first. Being patient @CAPS1 pay off!","[1.6805, 2.0087, 2.0087]","{'A': 0.0, 'B': 0.05, 'C': 0.25, 'D': 0.5, 'F': 0.2}","{'A': 0.05, 'B': 0.15, 'C': 0.4, 'D': 0.3, 'F': 0.1}","{'A': 0.05, 'B': 0.15, 'C': 0.4, 'D': 0.3, 'F': 0.1}",False
21071," One day, a day before the party for my brother's @DATE1 to be exact. We were setting up party stuff and cleaning the house and the apartment because that's were the boy's will be hanging out and sleeping. My cousin @PERSON4 and I were helping mom and the boy's that were already here and their names would be @PERSON5 , @CAPS1 and @CAPS2. @PERSON6 was already here of course because he's the @DATE1 boy. The boy's were suppose to be cleaning the apartment but their boy's and the only things on theirs minds are girls and video games. They played video games instead of cleaning and mom got mad. Lucky for them mom was in a very good mood or they would have got @CAPS7. The last to boy's showed up now.   The last two boy's showed up and their names are @PERSON2 and @PERSON3 and @PERSON1 is showing up tomorrow after noon. @PERSON6 was so exited that he was turning @NUM1 years old , he said "" I'm @NUM1 years old now no one can tell me what to do"" and I laughed and said ""@PERSON6 go make me a sandwich"" and he said ""@CAPS3"" and I said ""so much for no one can tell me what to do"" and everyone laughed at him. He gave me my sandwich and all the boy's went to the apartment to clean @CAPS7 but when I got in there they set up @PERSON5's x-box @NUM3 and was playing @CAPS7. I told them to get cleaning but they decided not to listen so I got mom and they sure listened to her. She took @CAPS7 and put @CAPS7 on the kitchen table. They were not happy. They finally cleaned the apartment and got the x-bow back. @TIME1 all of us were watching movies and playing broad games then mom told @PERSON4 and I to clean my room , maybe a hour after that she walked by and said "" bed time"" and boy's go to the apartment. The next mourning.  The next mourning @PERSON4 and I woke up to the sun hitting us in the eyes and I said ""what a great way to start off the day"" and @PERSON4 said ""I know"". The best part of today is that we get to hang out with the boy's. When @PERSON4 and I got into the living room everybody was in the kitchen and partly in the living room. @TIME1 that @TIME1 the boy's thought @CAPS7 would be fun if they played cops and rubbers. The apartment was the jail. @PERSON2 , @CAPS2 , @PERSON6 were the cops and @PERSON5 and @CAPS1 were the rubbers. @PERSON4 and I wanted to play so we went outside and ran into @PERSON5 on the otter side of the apartment , he was the only one who knew we were outside. When I was running to hide behind the trees I felling in the hole that turns off the water for the apartment and my leg looked like cottage cheese and @CAPS7 was gushing blood and you could see my bone. I had to stop playing for the @TIME1. Mom told @PERSON4 and I to go to bed.  The next mourning mom woke us up and asked if we want eggs and bacon and we said ""yes"". I crawled out of bed because I needed to go to the bathroom so @PERSON4 helped me up the stairs and when we were coming down the stairs @PERSON5 saw me hurting and being the amazing boyfriend he is he picked me up and carried me to the couch in the living room and sat me down on the couch and kissed the top of my head and said ""good mourning beautiful"" and I said ""good mourning to you to baby"". Now everybody is standing around for their food to be done. The boy's are making pizza if you wanted to know. Then my little sister @CAPS6 walked in to the kitchen and said ""ma'am I want a cookie"" and mom said "" okay , here you go baby"". @CAPS6 ran off with a very big smile on her face. The boy's got their pizza now and they just went back to the apartment. @PERSON4 and I looked at mom and said ""wow"" mom's like i know. We all laughed and started talking about boy's and friends , family , animals. @CAPS7 was a very fun weekend and even though I got hurt we still made the best of @CAPS7. Even though I got hurt and cant do anything for the next two months or so , we still had a blast with each other and @PERSON6 said "" @CAPS7 was his most favorite @DATE1 he's ever had so far . @CAPS6 wanted her friend to come over but she had fun with mom and @PERSON4 , the boy's when they came in the house and I. Sometimes you got to work with what you got and @CAPS7 might turn out more fun than your normal plan you made. Just make sure your happy with the people around you. ","[1.2345, 0.469, 0.469]","{'A': 0.0, 'B': 0.0, 'C': 0.05, 'D': 0.45, 'F': 0.5}","{'A': 0.0, 'B': 0.0, 'C': 0.0, 'D': 0.1, 'F': 0.9}","{'A': 0.0, 'B': 0.0, 'C': 0.0, 'D': 0.1, 'F': 0.9}",True
1675,"One evening, @CAPS1 I got home from school, I didn't know what I had for homework. I decided to call my friends cell phone, but instead I got her voicemail. I left her a voicemail and called her house phone instead, the same thing bad happened. Luckily, I had my other friends numbers I could use. The next day, I asked her why she didn't pick her cell and house phone. She told me ""I'm sorry, I guess I was to busy on the computer e-mailing other people."" @CAPS1 I think of people being on the computer too much, I think they don't get enought exercise, don't enjoy nature, and spend less time with family and friends. First @CAPS1 people spend too much time on the computer, they spend less time excersising. About @PERCENT1 of people do this and it's not healthy. @CAPS2 people do this too often, then they will not get enough excercise and without excersise then they won't be healthy @CAPS1 they get older. @CAPS3 @PERSON1 said ""@CAPS2 adults spend too much time on the computer, maybe @NUM1 hours a day or more while eating junk food like chips and soda, they are not setting a good example for their kids. @CAPS2 adults get into this bad habit, so will their kids and it's to early for kids to be unhealthy."" I also agree with @CAPS3 @PERSON1, she is right about how people spend too much time on the computer. Second, @CAPS1 people are on their computer, its like their face is glued to the screen and they don't care about nature, @CAPS1 people do this, I can't stand it. Its like they don't care about anything else. What I don't get is why can't they go outside and do something for at least a half hour, then go back to the computer and waste their time then? Going outside and enjoying nature is peaceful on a nice sunny clay. You could have a picnic, take a hike, or even hang out with friends instead of playing on the computer. I understand @CAPS2 its a bad day like @CAPS2 its snowing or a thunderstorm and you can't do anything outside, then you go on the computer. I think that at least @PERCENT2 of people would try this. Third, @CAPS2 people are too busy on the computer then they won't be able to hung out with friends or family. @CAPS2 your friends want to hang out with you and they want to go to the mall. But you can't because your on the computer, she would be furious at you. You picked the computer over your friends to go to the mall. There's probably a @PERCENT1 chance she won't ever talk to ou again. and I don't blame her. People who spend to much time on the computer, would barely understand whats going on. @CAPS2 someone tells you something, it goes in one ear and out the other. @CAPS1 people do this, its really dissappointing because you dont hang out as much as with your friends and family. As you can see, people are spending too much time on the computer than excersing, enjoying nature, and spending time with family and friends. @CAPS2 you ask me, I don't play on the computer as much which is a good thing.","[1.5955, 1.5955, 1.5955]","{'A': 0.0, 'B': 0.05, 'C': 0.45, 'D': 0.4, 'F': 0.1}","{'A': 0.0, 'B': 0.05, 'C': 0.45, 'D': 0.4, 'F': 0.1}","{'A': 0.0, 'B': 0.05, 'C': 0.45, 'D': 0.4, 'F': 0.1}",True
3298,"Many people base their actions on their own views. What @MONTH1 appear to be justified in their minds, due to their beliefs, might cause an uproar from others. One instance of this: media censorship. It happens every day, every place. Someone can take it upon them selves to ,in their mind, 'make the piece better for @CAPS8 viewing'. In reality, though, they are really ruining the experience of the media for everyone else and even impeading on the rights granted to us by the constitiution: @CAPS1 of the @CAPS2.                First up, books in the library. Everytime I go to the library and pick up some books, there is always one book with the 'bad parts' marked out. Someone had found these words offensive and decided that no one should have to see or read them. To me, it was irritating. I don't always like those words either, but having them marked out is distracting from the page and , for me, ruins the author's voice and style of writing, hence impairing what I draw from the book. Some marked-out words aren't always offensive to others, either. Simply put, if you find the book offensive, don't read it. Others @MONTH1 enjoy it, whether they share your views or @CAPS7.           People also take the liberty of simply removing whole pieces of media from shelves just because they find it offensive. If everyone removed anything they didn't like, or found offensive, there would be nothing left in the world for anyone to enjoy. We, as @LOCATION1 citizens, have the right to make our own choices, and our choices should @CAPS7 be limited by the views of certain individuals. That means that if I want to read or view something, it should be available to me, so I @MONTH1 learn and expand my views, even if it makes someone else uncomfortable.           With nearly every disputable form of media that comes out, people harangue the producers and say the piece should have never been made. Wrong. Producers and authors can publish whatever they would like. It's called @CAPS1 of the @CAPS2, and it is a right garunteed to us, as @CAPS5 citizens, under the @CAPS6. And learly, if pieces like that are being produced, people read it. Plain and simple. You might @CAPS7, but maybe a neighbor, or even a relative, @MONTH1 @CAPS7 be offended by it and might read it. Supply and demand. If everyone found it offensive, no one would buy or read it, and because of that, it would no longer be produced. You would get your way. But, no. Some people do read it and it is produced. Again, if you don't like it, don't read it.          People should @CAPS7 take it upon themselves to censor what others can and can't do, see, or read. If someone wants to read a story that has 'bad words' in it, so be it. Others should @CAPS7 ruin the experience by marking the words out. @CAPS7 only is it rude and ruining the experience for the reader, but it is also destroying someone else's property. If someone wants to view something that is against a certain religion, so be it. They have the right and no one can take that right away from them. In my opinion, censorship in libraries, whether by government, or other civilians, should @CAPS7 be allowed. We citizens are allowed the right to make our own choices and in @CAPS8 libraries, the @CAPS8 should be allowed to read or watch whatever they want. Choice is one of the prinicples of the constitution, and it should be protected, @CAPS7 limited","[1.8464, 1.2362, 1.6751]","{'A': 0.2, 'B': 0.4, 'C': 0.3, 'D': 0.1, 'F': 0.0}","{'A': 0.65, 'B': 0.25, 'C': 0.1, 'D': 0.0, 'F': 0.0}","{'A': 0.45, 'B': 0.35, 'C': 0.15, 'D': 0.05, 'F': 0.0}",False
16178,"It is clear that there were problems in trying to dock dirigibles on the Empire state Building. The first reason's that, the law against flying airships to low over the Empire State Building made it hard to do so. Next is that the thoughtes in being unsafe because some dirigibles use hydrogen instead of helium and hydrogen is flammable A big reason is when the german dirigible got destryed by fire in Lakehurst, New Jersey, the owners of the Empire State Building then realized how much more worse the accident could have been if it had happened on such a densely populated area suched as downtown New York City. The last reason was the thought that they would use lead weights to hold the dirigibles down, but they realized that it wasn't practical nor was it safe. It was clear that there were problems in the docking of dirigibles on the Empire State building; but it is probably a much safer choice for both the residents/citizens of New York and all of the people who ever work(ed) on it such as architects, engineers and the aviation pioners.","[2.0087, 1.1568, 1.1568]","{'A': 0.05, 'B': 0.15, 'C': 0.4, 'D': 0.3, 'F': 0.1}","{'A': 0.0, 'B': 0.1, 'C': 0.7, 'D': 0.2, 'F': 0.0}","{'A': 0.0, 'B': 0.1, 'C': 0.7, 'D': 0.2, 'F': 0.0}",True
3032,"In my opinion, books, movies, magazines, ect., should not be taken off the shelves if they are offensive to some people. this is because everyone has different views on everything. Another reson is because for learning purposes in schools and etc. As well as authors would not want to be writting books because the books shelves are empty and their books, movies, magazines are getting rejected.     Since most people have different veiws on everything then,   every book or magazine would be taken off the shelf if they were offensive because, therefore, there would not be any book or magazine left on the shelf. This is because people think different things are offensive so what somebody thinks is offensive it @MONTH1 not be to another person. Therefore people would be angered or upset if their favorite book was taken off the shelf because someone said it was offensive.      Another problem with taking 'offensive' books of the shelf is that it would be a result in people not learning in schools and ect. This is because we all have to go through some point in school where we find something offensive for example wars, slavery, and politics. If all these books were to be taken off the shelves then nobody would be learning about any of this. In conclusion noboby would be being taught why these events happened and  why these events are wrong, so people would not have changed, they would keep doing these things because they were not taught not to. This in my opinion would cause alot of conflict between people and nobody would be educated on these events of history.      On the other hand rather than books being taken off the shelf books would not be being put on the shelfs. In this I mean that authors, producers, would not be making movies or writting books because their work just keeps getting rejected. Not only rejected but nobdy is going to go through the time and effort to make one of these for it to be rejected because it was offensive. In my opinion it would almost be impossible for these authors/ directors to make a unoffensive book or movie for everyone that is going to read or watch it.      In conclusion I have read many books in class every year that offends at least one person, but this person can choose not to finish the movie, book, or magazine if they find it offensive, or they never have to read it again. In conclusion there are many reasons why books should stay on the shelf even if they are offensive to someone. This is because it would not help with people being educated on events that happened, and people would not be reading any books in school. As well as authors would not be writting since their books are getting removed and the shelves are empty","[1.6855, 1.8822, 1.8822]","{'A': 0.0, 'B': 0.1, 'C': 0.5, 'D': 0.3, 'F': 0.1}","{'A': 0.05, 'B': 0.3, 'C': 0.45, 'D': 0.15, 'F': 0.05}","{'A': 0.05, 'B': 0.3, 'C': 0.45, 'D': 0.15, 'F': 0.05}",True
141,"Dear @PERSON3 of the @LOCATION1, I strongly believe that computers effect us in a positive way. Computers are advancing and so are their uses, computers are great and they are not our thought process or went to run around outside and play sports. Computers help us find and talk to relatives and friends they allow us to learn different things about farien places. They also are great for research! First and foremost computers are effecting us positively expesally when it comes to finding and talking to family and friends. My mom was adopted and @NUM1 years ago she really wanted to find her birth family, one year later her birth father found her on this website where you can locate family, she found her family and I now have two more @CAPS1, @PERSON1 and @PERSON2, and a cousin @PERSON4. I love them all very much. I would not have of been able to get to know them if it wasnt for the computer, speaking of communication, I was working like a dog on this big science prodject I had. we weren't able to do it in person and it @CAPS3 impossible for one person to three way four people. So we emailed our ideas and thoughts and were able to get the project done. ""@CAPS2 are never enough hours in the day!"" @CAPS3 something that @CAPS3 commonly said. Over @PERCENT1 of adults complain that @CAPS2 @CAPS3 never enough time in day. That @CAPS3 a statistic from @ORGANIZATION1. The computer allows you to multi task so you can be on your business call and email your mother so she know that you didn't forget her birthday. In addition, computers help us understand other countries and learn about their culture and how they are doing. @CAPS2 are many people who don't have tvs and they get their news from the internet. Also for projects, in @NUM2 grade I had to learn about @CAPS4, the country in @LOCATION2. it would take countless hours to find research in books, you will find a lot of stuff you dont need, but on the computer it @CAPS3 fast and easy. If you need to know something you can just type it in and, boom! You have it where as if you were usinf a book you would still be looking for what you need. Time @CAPS3 something that we can't afford to waste expessaly in this economy. Furthermore, computers are great for all kinds of research and directions. People who think that people spend too much time on the computer, and exersizing are not always right. I don't know about you, @PERSON3, but I am constantly looking up different exersizes to get a flat stomach. Most of my friends do it with me. I also look up directions, finding routs on maps are enfuriating and take for ever. Go on the computer the maps are always updated and you can get easy and fast directions! I don't know about you but I love things fast and easy. Going back to research, what about for solving crimes? Identifying people with finger prints fast so no one can get hurt. In conclusion computers effect us in possitive ways, more and are a great help to society, from locating people, to communication, and all the way to finding valuable and life changing information. I hope that you and I see eye to eye in this matter, advancing computers are our friends not the enemy.","[1.8219, 1.3955, 1.4412]","{'A': 0.05, 'B': 0.4, 'C': 0.4, 'D': 0.1, 'F': 0.05}","{'A': 0.05, 'B': 0.6, 'C': 0.3, 'D': 0.05, 'F': 0.0}","{'A': 0.15, 'B': 0.65, 'C': 0.15, 'D': 0.05, 'F': 0.0}",True
15051,"In the excerpt ""THE MOORING MAST"" by Marcia Amidon Lüsted there were many obstacles that the workers had to face to allow Dirigibles to dock at the top of the empire state building. One of the many obstacles the workers faced was that they could not simply drop a mooring mast on the top of the Empire State building. Also the thousand-foot dirigibles moored at the top of the Empire State building. A single cable tether held the dirigible and it would add stress to the building's frame. The biggest obstacle the workers would face was the mooring mast on top of the building with all winds shifting due to vilent air currents. Another obstacle was the dirigibles were moored in open field and they were weighted down in the back. The problem was they were dangling high above pedestrians on the street. Those are the obstacles the workers faced","[1.7219, 1.5438, 1.5955]","{'A': 0.0, 'B': 0.1, 'C': 0.4, 'D': 0.4, 'F': 0.1}","{'A': 0.0, 'B': 0.05, 'C': 0.3, 'D': 0.55, 'F': 0.1}","{'A': 0.0, 'B': 0.05, 'C': 0.45, 'D': 0.4, 'F': 0.1}",False
6145,"The features of the setting affect the cyclist with his train of thought. On page @NUM1 it says, I had been hitting my water bottles pretty regularly, and I was traveling through the high deserts of California in June. This gives a sence of heat and foreshadows maybe the lack of water hell have later on. As he passes a snake, trying to keep my balance in my dehydrated state. So the cyclist is most likely begin to feel dizzy and begins to loose hope. On page @NUM2 he says, I could drop from heatstroke meaning hes starting to think of the worse possible things that could happen. Which effects him because hes beginning to loose hope and  thinks hes not going to make it. On page @NUM3, he says, I was going to die and the birds would pick me clean By this point the conditions he was having were rough and making him worry. This is how the features of the setting affected the cyclist throughout the story.","[1.361, 1.361, 1.361]","{'A': 0.0, 'B': 0.0, 'C': 0.1, 'D': 0.5, 'F': 0.4}","{'A': 0.0, 'B': 0.0, 'C': 0.1, 'D': 0.5, 'F': 0.4}","{'A': 0.0, 'B': 0.0, 'C': 0.1, 'D': 0.5, 'F': 0.4}",True
1092,"Dear @CAPS1 @CAPS2 @CAPS3 @CAPS4, Are you always telling your kids to do their homework and get off the computer? Well, I might just be able to help. Computers do not benefit our society today. People are spending to much time on them; not enjoying the outdoors, and are taking away time to spend with friends and family. I believe having a limit each day on your computer might help solve these problems. The computers can be very distracting and you can use them too offten. Stairing at the computer screen can damage your eyes and kill brain cells. Thats one thing kids and adults dont notice. You need your brain cells for school. Joins and other activities, computers can also distract you from completing work, and then you have to stay up late to finish homework should come before the computer. Time flys by as your clicking and typing. The next thing you know as it's ten o'clock and your work is not completed. Since my schedule is so busy after school. I try to complete my work, then go to the computer before dance. This way I am my friends and relax. Taking time away from the computer is a smart idea. As it comes to @DATE1 time the weather is going to be beautiful and you don't want to waste a pretty day on the computer, @CAPS5 human body needs oxygen. Clearly, computers don't supply that. A great way to recieve oxygen is going outside for some exersize and energy. Playing outside can offer a lot more than a computer. You can swim, jump, or play sports. My doctor once told me, "" Everyone should have atleast an hour of exersize a day. ""You can't accomplish that by sitting at your computer. Next time there is sunshine out, no matter what season it is, go outside and take a break from electronics. Spending time with family and friends is a fun way to stay off the computer. Friends and Family are not people to take advantage of. They are people who are there for you when you are down and make you laugh. When your relatives come to town that you havn't seen in a while, You don't want to spend it on the computer. Talking and catching up with one another is a great way to re-connect. During family holidays, we don't bring our computers. We shut them off to spend time with each other. Friends and family are special gifts. So, don't throw away friendships or relationships with your family. Get away from the computer and bond. (did not finish)","[1.7855, 1.6855, 1.8822]","{'A': 0.05, 'B': 0.3, 'C': 0.5, 'D': 0.1, 'F': 0.05}","{'A': 0.0, 'B': 0.1, 'C': 0.5, 'D': 0.3, 'F': 0.1}","{'A': 0.05, 'B': 0.3, 'C': 0.45, 'D': 0.15, 'F': 0.05}",True
3588,If I was to right about to a news paper that are childing should not be looking at book and shoud be tacken off the shelf. The reson I say that is so are cirlden are not geting ideads from a book that is not aproprit for them. I thank that is the mane reson there are more girls geting pragnit at a young age. I thank if we were to tack off the notey book there would be less girls pragnet.     I realy thank it could work if we would tack all of the notey books off the shelf and mack it a law that you hade to be a sherton age to look at them. I would like to see a chang in the way we look at notey book. I thank you should be @NUM1 to look at books that are notey. It would be a good thang to try for a wiyel. I thank it woukd work because it would not been showin to are childer and they would not whant to have babys as a teenager.     This is the way I thank it should have been done in the farist place. We would not have so miny probloms in the frist place. The than is I thank thay not thak it well be to hard to race a chiled at a young age. If we would not have to see thans that we shouldent have seen.,"[1.2345, 1.1884, 1.1884]","{'A': 0.0, 'B': 0.0, 'C': 0.05, 'D': 0.45, 'F': 0.5}","{'A': 0.0, 'B': 0.0, 'C': 0.05, 'D': 0.35, 'F': 0.6}","{'A': 0.0, 'B': 0.0, 'C': 0.05, 'D': 0.35, 'F': 0.6}",True
815,"Dear Newspaper, Computers today have a negative effect on people. The valuable time of getting daily exercise is reduced, you will not see your family enough and some of the costs are outrageous! Owning a computer is surely not a good idea. is sitting around all day your idea of a workout? Having a computer would be very bad for your physical lifestyle. Clicking a mouse & typing away are only moving your hands, not your whole body. An individual who doesn't use the computer daily, or f or large amounts of time would be healthier than someone who always uses the computer. I remember seeing a commercial about @NUM1 children & how their lives eneded up later on in life just by their computer usage as a ""tween."" Not only will you be unhealthy but anti-socialism is probable too. Many kids, or even adults, spend precious family time playing the sims @NUM2 creating their own ideal family. This however, is not acceptable. Spending time with your family is something precious. When asked about computer usage, @PERSON1 said, ""you could easily became addicted with just @NUM2 turns!"" @CAPS1 you are addicted, both your family & you suffer. They will stop inviting you places. You wouldn't want to loose the people who are going to be ther for you, on another what. ""@CAPS2!"" shouts your computer. You have another virus. uh oh, it's deleting your hardware: all your scholastic essays, important book-marked websites & sentimental photographs. Do you have any idea how much it would cost to even try to retrieve this data? Well, it'd be alot. I know youre probably thinking, ""This couldn't happen to me,"" but in reality; yes it can storing things on a computer is much riskier than having a hard copy. It will also save you more money. Furthermore, appliances use electricity @CAPS1 they're even plugged into an outlet! So when you get your electric bill, don't be surprised, computers can be very costly which, is why it's not worth it to have one. Computers are just another unnecessary thing in life. It will take away from your over-all health, reduce family time, & cost you same big bucks. It is a fact that you can survive without a computer. But without hjealth? Well, you'd be dead. I you to consider my ideas.","[1.7855, 1.8822, 1.8822]","{'A': 0.05, 'B': 0.3, 'C': 0.5, 'D': 0.1, 'F': 0.05}","{'A': 0.05, 'B': 0.3, 'C': 0.45, 'D': 0.15, 'F': 0.05}","{'A': 0.05, 'B': 0.3, 'C': 0.45, 'D': 0.15, 'F': 0.05}",True
7187,"There are several features of the setting which affect the cyclist one is the fact that he is traveling on a hot day in June. and the growing realization that I could drop from heatstroke on a gorgeous day in June. The heat was getting to the cyclist and he was scared he might get heatstroke. The terrain was also not very ideal for a cyclist on a hot @DATE1. I noticed the terrain changing. Flat road was replaced by short, rolling hills. The cyclist was tired and the hills were making it worse. The water bottles contained only a few tantalizing sips. The cyclist was running out of water quickly and there was nowhere close to get more. These glitches in the setting affected the cyclist because it was extremely hot, he was running out of water and there was rough terrain. The setting was not in the cyclist's favor.","[1.1568, 1.7219, 1.469]","{'A': 0.0, 'B': 0.0, 'C': 0.1, 'D': 0.7, 'F': 0.2}","{'A': 0.0, 'B': 0.1, 'C': 0.4, 'D': 0.4, 'F': 0.1}","{'A': 0.0, 'B': 0.05, 'C': 0.45, 'D': 0.45, 'F': 0.05}",False
15578,"In ""The Mooring Mast,"" a historical article by Marcia Amidon Lüsted, it is made clear that there were at least three obstacles that the builders of the Empire State Building faced in an attempt to allow dirigibles to dock there. These issues were the building's pre-existing frame, fire safety, and nature itself. The plans for the Empire State Building had not intended a mooring mast to be dropped on the roof of the building. As a result, architects had to change their entire plan: ""The steel frame of the Empire State Building would have to be modified and strengthened to accommodate this new situation,"" (par. @NUM1). This was a significant difficulty. Also a concern for foreign dirigibles was that the gas the use made fire safety and issue: ""... the owners... realized how much worse that accident could have been if it had taken place above a densely populated area,"" (par. @NUM2). Getting around the fire hazard would be impossible. Finally, as stated in the article, nature was the mast's greatest obstacle. ""Even if the dirigible were tethered to the mooring mast, the back of the ship would swivel around and around the mooring mast,"" (par. @NUM3). The violent winds kept much from happening with the mast. With the three aforementioned obstacles, the fate of the Empire State Building's mooring mast was grim. It would never do what Al Smith had intended for it.","[1.2955, 1.2955, 1.1568]","{'A': 0.6, 'B': 0.3, 'C': 0.1, 'D': 0.0, 'F': 0.0}","{'A': 0.6, 'B': 0.3, 'C': 0.1, 'D': 0.0, 'F': 0.0}","{'A': 0.7, 'B': 0.2, 'C': 0.1, 'D': 0.0, 'F': 0.0}",True
10397,"There could be many reasons why the author concludes the story with this paragraph. There could be many different meanings of this paragraph that could have importance to the story. I think that the author includes this to say that when the spring comes, she will have many more reasons to take the driving test. You can break this paragraph down to mean many different things. I interpreted it to mean that when the spring comes back, she will have a new beginning. The snow melting away represents all the hardship she faced in the previous year. The geese returning and the hibiscus budding means that they are also coming back to start the new year. They are too coming back, getting ready to start their new life. It is included at the end to show how Saeng is trying to forget about how she failed the test. She is using this time now to prepare for the next time she is going to take the driving test. She thinks that once she forgets all of the bad things she went through the previous year. She had to move on and be able to pass the driving test the next time around. The author concluded the story with the paragraph to show how Saeng plans to solve her problems. The way you interpret the paragraph gives you different ideas about what it is trying to say. I think that it is showing @CAPS1 new beginning that she will have to go through the next year. ","[1.461, 1.7219, 1.6805]","{'A': 0.0, 'B': 0.05, 'C': 0.4, 'D': 0.5, 'F': 0.05}","{'A': 0.0, 'B': 0.1, 'C': 0.4, 'D': 0.4, 'F': 0.1}","{'A': 0.0, 'B': 0.05, 'C': 0.25, 'D': 0.5, 'F': 0.2}",False
20859," ""@CAPS1 ma, do you know where my purse is."" I wonder where it is, I need to put my license in my wallet. I kept looking around and found it in my room under all my dirty clothes. A sigh of relief came over me, I was glad I found it before something happened. I woke up @DATE1 @TIME1 and figured it would be just another day. I had plans to go to a basketball game after school. It was the biggest game of the season, we were playing our rivals, the @CAPS2 @CAPS3. The day was going by slow though, I couldn't wait until it was over. Finally the bell rang, school was over, I drove home a little disappointed. I wasn't sure if my friends were going to the game with me, if they didn't go I probably wouldn't either. I was determined though, I texted them at five and convinced them it would be fun. I picked up my friend @PERSON1 first, then @PERSON2.  This is when my normal day turned into one of the most eventful days ever. The @ORGANIZATION1 (where the game was being held) was about twenty minutes away, I had to stop and get gas before we left. We went to the cheapest spot in town and filled up my car. When it was time to leave, my car decided not to start. I have an old car and it doesn't start all the time, it just sits there for a while until it wants to start. There were some guys in the other lane that we new staring at us. We just started laughing it was really embarrassing. The attendant asked us if we needed something else and I said no, my car just wasn't starting. I tried turning it on again, but it just kept dieing. Out of all the other days my car decided not to start, today. Then some men came out and told me that they had to move my car I got so embarrassed and starting laughing again. I always laugh when I get nervous. I told them to let me try turning on my car once more, I prayed my car would turn on this time. It did, I was so relieved and embarrassed, I left as soon as I could.  Twenty minutes later we were in @ORGANIZATION1 in front of the school, and just my luck again, no parking spots. We drove around for about five minutes until we found one that was walking distance. Then we gathered our things and walked to the game. It hadn't started yet but it was about to, I had a feeling it would be a really close game. Soon the game began and just how I figured, the game kept going back and forth, we got a point, they got a point. It was really exciting but there where two parents behind us that were really into the game. They kept shouting at players, shouting at the referee, and just being annoying. The game was good, but in the end The @CAPS2 @CAPS3 won by @CAPS6 points. It was a little disappointing, but The @ORGANIZATION1 did have a good team.   After the game we were going to eat at @ORGANIZATION2. We left the game quickly after it was over so we wouldn't get stuck in traffic. I was driving down this road I thought I new but then I realized I didn't recognize it at all. @PERSON2 told me to keep going she new where we were. I stayed on the road and luckily it took us straight to down town by @CAPS7. I got onto one of the main roads and headed to @ORGANIZATION2. The road I was on had a million stop lights though, and I was stopping every @NUM1 minutes. Then a pedestrian decided to cross the street in front of me, I waited for him to cross even though he wasn't even on a crosswalk. I kept going no worries on my mind, music blasting, when suddenly rainbow lights behind me. This day couldn't get any worse, I pulled over and waited for the @CAPS8 to come up to my window. He asked for my license and registration. I got my purse and looked in my wallet. My heart pounded where was my license i had just put it in my purse a few days ago. I started to panic and laughter filled the air. My nerves got to me I couldn't help it. I looked everywhere finally he asked if I had my school I.D, I went to pull it out and there was my license right underneath. He went back to his car, leaving me bursting with laughter. He came back and told me my insurance was expired, another thing that added to my day. I was still laughing when he gave me my ticket for speeding and expired insurance. I think I got it because I was laughing and he thought I was taking it as a joke. You cant control nerves though, or at least I can't.","[0.569, 1.9464, 0.569]","{'A': 0.0, 'B': 0.0, 'C': 0.05, 'D': 0.9, 'F': 0.05}","{'A': 0.05, 'B': 0.2, 'C': 0.4, 'D': 0.3, 'F': 0.05}","{'A': 0.0, 'B': 0.0, 'C': 0.05, 'D': 0.9, 'F': 0.05}",False
3370,"'All of us can think of a book that we hope none of our children or any other children have taken off the shelf. But if I have the right to remove that book from the shelf- that work I abhor- then you also have exactly the same right and so does everyone else. And then we have no books left on the shelf for any of us.' - @PERSON1     If one thinks about it books are such a magical escape from everday life. They can take one anywhere they want to go at anytime. Imagine a world where books are a luxury or where they are simply not present at all.I feel as if this would become an all too real reality if we censor books.      Where would the line be drawn saying a book is unfit to be @CAPS5 or placed into circulation. This would hold the world back since we could not express ourselves through our writing. So much would be left unsaid. I believe the quote stated above is quite true. If we place censorship on one book everyone has a right to ban other books as well. Just because certain books, movies, and magazines are deemed offensive to some, does not mean they should be banned for all. No one should we withheld from a book due to age, race, gender, or any other factor.      If one has ever been prohibited from doing something due to age or size the feeling is not pleasant.No one neccessarily said anything mean or hurtful it just feels as if restritions and boundaries were set for no particular reason. I have felt this way multiple times. I remember one time in particular. I went to @LOCATION1 with a group of my cousins and their friends. Since I was the youngest I was also the shortest. I could not ride many of the rides there due to my size. I knew why those heighth requirements were set, for my personal safety. This makes sense, but why should one be required to be a certain age to watch a movie or watch a tv show. Honestly some people are more mature than others and grow up faster. Everyone is different. Everyone has a different personality and different perspective, there is no need to ban a book for everyone when we are all different. One should not be ineligible to @CAPS5 a book or magazine or watch a movie. Not wanting to is totally differnet from not getting to.       The popular book To @CAPS1 A @CAPS2 was banned at one time in the @LOCATION2 simply for using the 'n-word'. This angers many especially when one ponders how much slavery as well as the @CAPS3 @CAPS4 affected and shaped us into who we are today. America is a great nation because of the @ORGANIZATION1.Do we need to have a @ORGANIZATION1 to @CAPS5!Why should we restrict ourselves and limit our own personal freedoms?  If anything is to be banned, I believe it is censorship","[1.4905, 1.861, 1.3955]","{'A': 0.1, 'B': 0.6, 'C': 0.25, 'D': 0.05, 'F': 0.0}","{'A': 0.25, 'B': 0.4, 'C': 0.25, 'D': 0.1, 'F': 0.0}","{'A': 0.05, 'B': 0.6, 'C': 0.3, 'D': 0.05, 'F': 0.0}",True
16319,"In the excerpt @ORGANIZATION2, written by @ORGANIZATION1, The builders of the empire State building face obstacles in attempting to allow dirigibles to dock There, ""one obstacle to their expanded use in New York City was the lack of suitable landing areas."" (paragraph 6). If the Dirigibles can't lead it could cause destruction and could be very dangerous to people. In paragraph @NUM1 Al Smith says, It's on level all right no kidding wer'e working on the thing right now."" This shows the readers that the way he words things sounds almost unreliable. When constructing the idea of Dirigibles a mooring mast had to be added to the top of the building to allow passengers on and off. However This idea was unsafe. ""Dirigibles moored in open landing fields could be weighted down in the back with lead weights, but using Empire State building, where they would be dangling high above pedestrians on street was neither practical nor safe."" (paragraph @NUM2). This unsafe why would the build something harmful to others. In the excerpt The Mooring Mast written by @ORGANIZATION1. The builders have a hard time constructing the dirigibles.","[1.1884, 1.1884, 1.6477]","{'A': 0.0, 'B': 0.0, 'C': 0.05, 'D': 0.6, 'F': 0.35}","{'A': 0.0, 'B': 0.0, 'C': 0.05, 'D': 0.6, 'F': 0.35}","{'A': 0.0, 'B': 0.05, 'C': 0.15, 'D': 0.5, 'F': 0.3}",True
15774,"In the excerpt from The Mooring Mast by @ORGANIZATION2 builders must faced many obstacles in the attempt to allow the dirigibles to dock on the Empire State Building. In paragraph @NUM1 of the excerpt it states, ""A thousand-foot dirigible moored at the top of the building, held by a single cable tether, would add stress to the building's frame."" The stress of the wind and dirigible's weight would have to be transmitted to the foundation of the building, about eleven hundred feet below. In paragraph @NUM2 of the excerpt it states, ""most dirigibles... used hydrogen rather than helium, and the hydrogen is highly flammable."" If another disaster happened like the Hindenburg (which was destroyed by fire) in an area heavily populated like New York, above a large building with many people, it would be a thousand times worse. The winds above the Empire State Building were constantly changing because of violent air currents. This left the designers to deal with the problem of a dirigible swinging around the mooring mast. In the excerpt from The Mooring Mast by Marcia Amidon @ORGANIZATION2 the builders faced so many obstacles that they eventually abandoned the project.","[1.319, 1.5955, 2.0087]","{'A': 0.0, 'B': 0.15, 'C': 0.7, 'D': 0.1, 'F': 0.05}","{'A': 0.0, 'B': 0.05, 'C': 0.45, 'D': 0.4, 'F': 0.1}","{'A': 0.05, 'B': 0.15, 'C': 0.4, 'D': 0.3, 'F': 0.1}",True
21253," Laughter is the best way to bring people closer together. It creates a bond that makes you feel a little more comfortable and secure. Life would be sad and depressing if there was no such thing as laughter. Everyone has a different type of laugh some peoples are loud, quiet,weird, or funny.But our laughter is what makes us who we are.  There are so many effects in the process of laughing.Your laugh can have such a strong effect on your body that it can cause your eyes to become a little teary. Sometime when u laugh its also harder to breath and your stomach might start to hurt. When somethings really funny I usually have a hard time to get another gasp of air because i cant stop laughing.That's one of the effects that happens to me while I'm laughing. Everyone knows that when someone thinks somethings funny they laugh. We can laugh at a movie, a joke,or even a simple mistake.My family always makes me laugh.When we have party's were always laughing and cracking up jokes.One of the jokes that my cousins said is that my aunts baby was so white that it look like a came out of la lechera. Lechera is a @CAPS1 word.  Another thing that also made me laugh is when i went to my cousins house. We were watching a movie and i had to go use the restroom so i went and when i came out she jump out from around the corner and scared me. I screamed so loud that my other cousin yelled from up stairs to be quiet. I couldn't stop laughing i was scared but it was funny because she scared me out of nowhere and i never expected her to do that. I think of laughing as a gift. It is something that can always brighten our day.I love to laugh and there's so many unforgettable moments were i almost laughed till i peed my pants.I think the people with the best personality are the people who can make someone else laugh.","[1.5955, 1.861, 1.469]","{'A': 0.0, 'B': 0.05, 'C': 0.45, 'D': 0.4, 'F': 0.1}","{'A': 0.05, 'B': 0.2, 'C': 0.5, 'D': 0.2, 'F': 0.05}","{'A': 0.0, 'B': 0.05, 'C': 0.45, 'D': 0.45, 'F': 0.05}",True
